,Class,Order,Portal,JGI,Voucher,Species,Genome.Size,Gene.Number,Published,Ecology
1,Dothideomycetes,Pleosporales,Aaoar1,Y,,Aaosphaeria arxii CBS 175.79 v1.0,38901049,"14,203",,
2,Leotiomycetes,Helotiales,Acema1,Y,,Acephala macrosclerotiorum EW76-UTF0540 v1.0,73683338,"21,024",,Endophyte
3,Sordariomycetes,Sordariales,Achstr1,Y,,Achaetomium strumarium CBS333.67 v1.0,32422668,"10,185",,
4,Dothideomycetes,incertae sedis,Aciri1_iso,Y,,Acidomyces richmondensis BFW,29883570,"11,202","Mosier AC et al., 2016",
5,Dothideomycetes,incertae sedis,Aciri1_meta,Y,,Acidomyces richmondensis BFW,26819972,"10,352","Mosier AC et al., 2016",
6,Sordariomycetes,incertae sedis,Aciaci1,Y,,Acidothrix acidophila CBS 136259 v1.0,37766571,"11,057",,
7,Sordariomycetes,Glomerellales,Acral2,Y,,Acremonium alcalophilum v2.0,54417234,"9,521",,
8,Sordariomycetes,Hypocreales,Acrchr1,Y,,Acremonium chrysogenum ATCC 11550,28563214,"8,899","Terfehr D et al., 2014",
9,Sordariomycetes,Hypocreales,Acrst1,Y,,Acremonium strictum DS1bioAY4a v1.0,35793893,"13,158",,
10,Dothideomycetes,Jahnulales,Alikh1,Y,,Aliquandostipite khaoyaiensis CBS 118232 v1.0,119520317,"11,678",,
11,Dothideomycetes,Pleosporales,Altalt1,Y,,Alternaria alternata MPI-PUGE-AT-0064 v1.0,33441249,"13,086",,Endophyte
12,Dothideomycetes,Pleosporales,Altal1,Y,,Alternaria alternata SRC1lrK2f v1.0,32990834,"13,469","Zeiner CA et al., 2016",
13,Dothideomycetes,Pleosporales,Altbr1,Y,,Alternaria brassicicola,31974449,"10,688","Ohm RA et al., 2012",Plant pathogen
14,Dothideomycetes,Pleosporales,Altro1,Y,,Alternaria rosae MPI-PUGE-AT-0040 v1.0,33831682,"12,640",,Endophyte
15,Saccharomycetes,Saccharomycetales,Ambph1,Y,,Ambrosiozyma philentoma NRRL Y-7523,17710905,"6,975","Krassowski T et al., 2018",
16,Dothideomycetes,Pleosporales,Amnli1,Y,,Amniculicola lignicola CBS 123094 v1.0,49576578,"15,590",,
17,Leotiomycetes,incertae sedis,Amore1,Y,,Amorphotheca resinae v1.0,28632928,"9,642","Martino E et al., 2018",
18,Dothideomycetes,Pleosporales,Ampqui1,Y,,Ampelomyces quisqualis HMLAC05119 v1.0,36811257,"11,144",,Mycoparasitic
19,Sordariomycetes,Xylariales,Antav1,Y,,Anthostoma avocetta NRRL 3190 v1.0,56234513,"15,755",,
20,Sordariomycetes,Sordariales,Apibac1,Y,,Apiosordaria backusii CBS 540.89 v1.0,40188346,"12,368",,
21,Sordariomycetes,Xylariales,Apimo1,Y,,Apiospora montagnei NRRL 25634 v1.0,47671174,"16,992",,
22,Dothideomycetes,Botryosphaeriales,Aplpr1,Y,,Aplosporella prunicola CBS 121.167 v1.0,32818685,"12,579",,
23,Sordariomycetes,Sordariales,Apope1,Y,,Apodospora peruviana CBS 118394 v1.0,42017045,"13,445",,
24,Saccharomycetes,Saccharomycetales,Artfe1_2,Y,,Arthroascus fermentans 17710 v1.0,14372669,"5,449",,
25,Orbiliomycetes,Orbiliales,Artol1,Y,,Arthrobotrys oligospora ATCC 24927,40072829,"11,479","Yang J et al., 2011",
26,Eurotiomycetes,Onygenales,Artbe1,Y,,Arthroderma benhamiae CBS 112371,22224160,"7,980","Burmester A et al., 2011",
27,Pezizomycetes,Pezizales,Ascim1,Y,,Ascobolus immersus RN42 v1.0,59529874,"17,877","Murat C et al., 2018",
28,Dothideomycetes,Pleosporales,Ascra1,Y,,Ascochyta rabiei ArDII,34658250,"10,596","Verma S et al., 2016",Plant pathogen
29,Leotiomycetes,Helotiales,Ascsa1,Y,,Ascocoryne sarcoides NRRL50072,34170264,"10,672","Gianoulis TA et al., 2012",Endophyte
30,Pezizomycetes,Pezizales,Ascni1,Y,,Ascodesmis nigricans CBS 389.68 v1.0,27385218,"9,622",,
31,Saccharomycetes,Saccharomycetales,Ascru1,Y,,Ascoidea rubescens NRRL Y17699 v1.0,17503998,"6,802","Riley R et al., 2016",
32,Eurotiomycetes,Eurotiales,Aspacri1,Y,,Aspergillus acristatulus CBS 119.55 v1.0,32593788,"11,221",,
33,Eurotiomycetes,Eurotiales,Aspacu1,Y,,Aspergillus aculeatinus CBS 121060 v1.0,36471649,"12,027","Vesth TC et al., 2018",
34,Eurotiomycetes,Eurotiales,Aspac1,Y,,Aspergillus aculeatus ATCC16872 v1.1,35424414,"10,845","de Vries RP et al., 2017",
35,Eurotiomycetes,Eurotiales,Aspamy1,Y,,Aspergillus amylovorus CBS 600.67 v1.0,34894441,"12,857",,
36,Eurotiomycetes,Eurotiales,Aspbisp1,Y,,Aspergillus bisporus CBS 707.71 v1.0,27095172,"9,731",,
37,Eurotiomycetes,Eurotiales,Aspbom1,Y,,Aspergillus bombycis NRRL 26010,37474605,"12,265","Moore GG et al., 2016",
38,Eurotiomycetes,Eurotiales,Aspbr1,Y,,Aspergillus brasiliensis v1.0,35808783,"13,000","de Vries RP et al., 2017",
39,Eurotiomycetes,Eurotiales,Aspbrev1,Y,,Aspergillus brevijanus CBS 111.46 v1.0,36004448,"12,832",,
40,Eurotiomycetes,Eurotiales,Aspbru1,Y,,Aspergillus brunneoviolaceus CBS 621.78 v1.0,37477200,"12,075","Vesth TC et al., 2018",
41,Eurotiomycetes,Eurotiales,Aspcal1,Y,,Aspergillus calidoustus,41102685,"15,139",,
42,Eurotiomycetes,Eurotiales,Aspcam1,Y,,Aspergillus campestris IBT 28561 v1.0,28257496,"9,764","Kjaerbolling I et al., 2018",
43,Eurotiomycetes,Eurotiales,Aspcand1,Y,,Aspergillus candidus CBS 102.13 v1.0,27317772,"9,641","Kjaerbolling I et al., 2018",
44,Eurotiomycetes,Eurotiales,Aspca3,Y,,Aspergillus carbonarius ITEM 5010 v3,36290756,"11,624","de Vries RP et al., 2017",
45,Eurotiomycetes,Eurotiales,Aspcar1,Y,,Aspergillus carlsbadensis CBS 12389 v1.0,39460077,"14,289",,
46,Eurotiomycetes,Eurotiales,Aspchev1,Y,,Aspergillus chevalieri CBS 522.65 v1.0,26413841,"10,253",,
47,Eurotiomycetes,Eurotiales,Aspcl1,Y,,Aspergillus clavatus NRRL 1 from AspGD,27859441,"9,121","Arnaud MB et al., 2012",
48,Eurotiomycetes,Eurotiales,Aspcos1,Y,,Aspergillus costaricaensis CBS 115574 v1.0,36947918,"11,966","Vesth TC et al., 2018",
49,Eurotiomycetes,Eurotiales,Aspcri1,Y,,Aspergillus cristatus GZAAS20.1005,28454192,"10,344","Ge Y et al., 2016",
50,Eurotiomycetes,Eurotiales,Aspdese1,Y,,Aspergillus desertorum CBS 653.73 v1.0,29041708,"10,111",,
51,Eurotiomycetes,Eurotiales,Aspegy1,Y,,Aspergillus egyptiacus CBS 656.73 v1.0,28335649,"9,890",,
52,Eurotiomycetes,Eurotiales,Aspell1,Y,,Aspergillus ellipticus CBS 707.79 v1.0,42866077,"12,884","Vesth TC et al., 2018",
53,Eurotiomycetes,Eurotiales,Aspeuc1,Y,,Aspergillus eucalypticola CBS 122712 v1.0,34792412,"11,934","Vesth TC et al., 2018",
54,Eurotiomycetes,Eurotiales,Aspfij1,Y,,Aspergillus fijiensis CBS 313.89 v1.0,36513906,"12,019","Vesth TC et al., 2018",
55,Eurotiomycetes,Eurotiales,Aspfili1,Y,,Aspergillus filifera CBS 114510 v1.0,31484740,"11,686",,
56,Eurotiomycetes,Eurotiales,Aspfl1,Y,,Aspergillus flavus NRRL3357,36790245,"12,604","Arnaud MB et al., 2012",
57,Eurotiomycetes,Eurotiales,Aspfu_A1163_1,Y,,Aspergillus fumigatus A1163,29205420,"9,916","Fedorova ND et al., 2008",
58,Eurotiomycetes,Eurotiales,Aspfu1,Y,,Aspergillus fumigatus Af293 from AspGD,29388377,"9,781","Nierman WC et al., 2005",
59,Eurotiomycetes,Eurotiales,Aspfuni1,Y,,Aspergillus funiculosus CBS 116.56 v1.0,25445165,"9,300",,
60,Eurotiomycetes,Eurotiales,Aspgl1,Y,,Aspergillus glaucus v1.0,27993362,"11,277","de Vries RP et al., 2017",
61,Eurotiomycetes,Eurotiales,Asphet1,Y,,Aspergillus heteromorphus CBS 117.55 v1.0,35607567,"11,133","Vesth TC et al., 2018",
62,Eurotiomycetes,Eurotiales,Asphom1,Y,,Aspergillus homomorphus CBS 101889 v1.0,34054866,"11,361","Vesth TC et al., 2018",
63,Eurotiomycetes,Eurotiales,Aspibe1,Y,,Aspergillus ibericus CBS 121593 v1.0,33437983,"11,680","Vesth TC et al., 2018",
64,Eurotiomycetes,Eurotiales,Aspind2_1,Y,,Aspergillus indicus v2.0,32492420,"11,361",,
65,Eurotiomycetes,Eurotiales,Aspind1,Y,,Aspergillus indologenus CBS 114.80 v1.0,38592838,"12,163","Vesth TC et al., 2018",
66,Eurotiomycetes,Eurotiales,Aspinso1,Y,,Aspergillus insolitus CBS 384.61 v1.0,23177606,"8,834",,
67,Eurotiomycetes,Eurotiales,Aspjap1,Y,,Aspergillus japonicus CBS 114.51 v1.0,36099954,"12,024","Vesth TC et al., 2018",
68,Eurotiomycetes,Eurotiales,Aspka1_1,Y,,Aspergillus kawachii IFO 4308,36544702,"11,475","Futagami T et al., 2011",
69,Eurotiomycetes,Eurotiales,Aspfo1,Y,,Aspergillus luchuensis CBS 106.47 v1.0,37468345,"13,530","de Vries RP et al., 2017",
70,Eurotiomycetes,Eurotiales,Aspmin1,Y,,Aspergillus minisclerotigenes v1.0,37064162,"13,415",,
71,Eurotiomycetes,Eurotiales,Aspmul1_1,Y,,Aspergillus multicolor v1.0,35254497,"12,821",,
72,Eurotiomycetes,Eurotiales,Aspneoa1,Y,,Aspergillus neoauricomus CBS112787 v1.0,36859054,"12,221",,
73,Eurotiomycetes,Eurotiales,Aspne1,Y,,Aspergillus neoechinulatus CBS120.55 v1.0,30669358,"10,504",,
74,Eurotiomycetes,Eurotiales,Aspneo1,Y,,Aspergillus neoniger CBS 115656 v1.0,35416444,"11,939","Vesth TC et al., 2018",
75,Eurotiomycetes,Eurotiales,Aspnid1,Y,,Aspergillus nidulans,30483994,"10,680","Arnaud MB et al., 2012",
76,Eurotiomycetes,Eurotiales,Asplac1,Y,,Aspergillus niger (lacticoffeatus) CBS 101883 v1.0,35855892,"13,083","Vesth TC et al., 2018",
77,Eurotiomycetes,Eurotiales,Aspph1,Y,,Aspergillus niger (phoenicis Corda) Thom ATCC 13157 v1.0,35753538,"11,977","Vesth TC et al., 2018",
78,Eurotiomycetes,Eurotiales,Aspni7,Y,,Aspergillus niger ATCC 1015 v4.0,34853277,"11,910","Andersen MR et al., 2011",
79,Eurotiomycetes,Eurotiales,Aspni_DSM_1,Y,,Aspergillus niger CBS 513.88,33975768,"14,097","Pel HJ et al., 2007",
80,Eurotiomycetes,Eurotiales,Aspni_NRRL3_1,Y,,Aspergillus niger NRRL3,35245396,"11,846","Vesth TC et al., 2018",
81,Eurotiomycetes,Eurotiales,Aspni_bvT_1,Y,,Aspergillus niger van Tieghem ATCC 13496 v1.0,35690699,"12,197","Vesth TC et al., 2018",
82,Eurotiomycetes,Eurotiales,Aspnom13137_1,Y,,Aspergillus nomius NRRL 13137,36138823,"11,914",,
83,Eurotiomycetes,Eurotiales,Aspnom1,Y,,Aspergillus nomius v1.0,36713177,"12,897",,
84,Eurotiomycetes,Eurotiales,Aspnov1,Y,,Aspergillus novofumigatus IBT 16806 v1.0,32440129,"11,549","Kjaerbolling I et al., 2018",
85,Eurotiomycetes,Eurotiales,Aspnovo1,Y,,Aspergillus novoparasiticus CBS 126849 v1.0,40857493,"14,182",,
86,Eurotiomycetes,Eurotiales,Aspoch1,Y,,Aspergillus ochraceoroseus IBT 24754 v1.0,27718211,"8,924","Kjaerbolling I et al., 2018",
87,Eurotiomycetes,Eurotiales,Aspoch1432_1,Y,,Aspergillus ochraceoroseus SRRC1432,24273657,"7,829","Moore GG et al., 2015",
88,Eurotiomycetes,Eurotiales,Aspoli1_1,Y,,Aspergillus olivicola v1.0,33173879,"12,183",,
89,Eurotiomycetes,Eurotiales,Aspor1,Y,,Aspergillus oryzae RIB40,37882812,"12,030","Arnaud MB et al., 2012",
90,Eurotiomycetes,Eurotiales,Asppar1,Y,,Aspergillus parasiticus CBS 117618 v1.0,38390758,"13,752",,
91,Eurotiomycetes,Eurotiales,Aspparv1,Y,,Aspergillus parvulus CBS 136.61 v1.0,32731898,"11,927",,
92,Eurotiomycetes,Eurotiales,Asppeni1,Y,,Aspergillus penicilloides CBS 540.65 v1.0,26403364,"10,386",,
93,Eurotiomycetes,Eurotiales,Asppip1,Y,,Aspergillus piperis CBS 112811 v1.0,35280331,"12,069","Vesth TC et al., 2018",
94,Eurotiomycetes,Eurotiales,Aspram1,Y,,Aspergillus rambellii SRRC1468,26435630,"7,761","Moore GG et al., 2015",
95,Eurotiomycetes,Eurotiales,Asprec1_1,Y,,Aspergillus recurvatus v1.0,30717846,"11,007",,
96,Eurotiomycetes,Eurotiales,Aspres1,Y,,Aspergillus restrictus CBS 118.33 v1.0,23256008,"9,143",,
97,Eurotiomycetes,Eurotiales,Asprobu1,Y,,Aspergillus robustus CBS 428.77 v1.0,33138998,"12,182",,
98,Eurotiomycetes,Eurotiales,Aspros1,Y,,Aspergillus roseoglobulosus CBS112800 v1.0,35815337,"12,489",,
99,Eurotiomycetes,Eurotiales,Aspsac1,Y,,Aspergillus saccharolyticus JOP 1030-1 v1.0,31096189,"10,066","Vesth TC et al., 2018",
100,Eurotiomycetes,Eurotiales,Aspscle1,Y,,Aspergillus sclerotiicarbonarius CBS 121057 v1.0,37621264,"12,571","Vesth TC et al., 2018",
101,Eurotiomycetes,Eurotiales,Aspscl1,Y,,Aspergillus sclerotioniger CBS115572 v1.0,36720365,"12,338","Vesth TC et al., 2018",
102,Eurotiomycetes,Eurotiales,Aspsc1,Y,,Aspergillus sclerotiorum CBS 549.65 v1.0,37971091,"12,620",,
103,Eurotiomycetes,Eurotiales,Aspstel1_1,Y,,Aspergillus stella-maris CBS 113639 v1.0,33998249,"12,537",,
104,Eurotiomycetes,Eurotiales,Aspstec1_1,Y,,Aspergillus stercoraria CBS 428.93 v1.0,29263932,"10,324",,
105,Eurotiomycetes,Eurotiales,Aspste1,Y,,Aspergillus steynii IBT 23096 v1.0,37847960,"13,211","Kjaerbolling I et al., 2018",
106,Eurotiomycetes,Eurotiales,Aspsy1,Y,,Aspergillus sydowii CBS 593.65 v1.0,34381026,"13,620","de Vries RP et al., 2017",
107,Eurotiomycetes,Eurotiales,Asptaic1,Y,,Aspergillus taichungensis IBT 19404 v1.0,27121736,"9,692","Kjaerbolling I et al., 2018",
108,Eurotiomycetes,Eurotiales,Aspte1,Y,,Aspergillus terreus NIH 2624,29331195,"10,406","Arnaud MB et al., 2012",
109,Eurotiomycetes,Eurotiales,Asptr1,Y,,Aspergillus triticus CBS266.81 v1.0,27452540,"9,769",,
110,Eurotiomycetes,Eurotiales,Asptu1,Y,,Aspergillus tubingensis v1.0,35146149,"12,322","de Vries RP et al., 2017",
111,Eurotiomycetes,Eurotiales,Aspuda1,Y,,Aspergillus udagawae IFM 46973,32185562,"9,999","Kusuya Y et al., 2015",
112,Eurotiomycetes,Eurotiales,Aspund1_1,Y,,Aspergillus undulatus CBS 261.88 v1.0,32112944,"11,802",,
113,Eurotiomycetes,Eurotiales,Aspung1,Y,,Aspergillus unguis CBS132.55 v1.0,26060700,"10,397",,
114,Eurotiomycetes,Eurotiales,Aspuva1,Y,,Aspergillus uvarum CBS 121591 v1.0,35850703,"12,017","Vesth TC et al., 2018",
115,Eurotiomycetes,Eurotiales,Aspvad1,Y,,Aspergillus vadensis CBS 113365 v1.0,35663374,"12,132","Vesth TC et al., 2018",
116,Eurotiomycetes,Eurotiales,Aspven1,Y,,Aspergillus venezuelensis CBS 868.97 v1.0,34837464,"12,450",,
117,Eurotiomycetes,Eurotiales,Aspve1,Y,,Aspergillus versicolor v1.0,33126810,"13,228","de Vries RP et al., 2017",
118,Eurotiomycetes,Eurotiales,Aspvio1,Y,,Aspergillus violaceofuscus CBS 115571 v1.0,36012865,"12,082","Vesth TC et al., 2018",
119,Eurotiomycetes,Eurotiales,Aspwel1,Y,,Aspergillus welwitschiae CBS139.54b v1.0,37511876,"13,687","Vesth TC et al., 2018",
120,Eurotiomycetes,Eurotiales,Aspwe1,Y,,Aspergillus wentii v1.0,31350635,"12,442","de Vries RP et al., 2017",
121,Eurotiomycetes,Eurotiales,Aspzo1,Y,,Aspergillus zonatus v1.0,28924210,"9,886","de Vries RP et al., 2017",
122,Dothideomycetes,incertae sedis,Aulhe2,Y,,Aulographum hederae v2.0,31983478,"12,127",,
123,Dothideomycetes,Dothideales,Aurpu_var_mel1,Y,,Aureobasidium pullulans var. melanogenum CBS 110374,26203324,"10,594","Gostincar C et al., 2014",
124,Dothideomycetes,Dothideales,Aurpu_var_nam1,Y,,Aureobasidium pullulans var. namibiae CBS 147.97,25428601,"10,266","Gostincar C et al., 2014",
125,Dothideomycetes,Dothideales,Aurpu_var_pul1,Y,,Aureobasidium pullulans var. pullulans EXF-150,29621078,"11,866","Gostincar C et al., 2014",
126,Dothideomycetes,Dothideales,Aurpu_var_sub1,Y,,Aureobasidium pullulans var. subglaciale EXF-2481,25796716,"10,809","Gostincar C et al., 2014",
127,Saccharomycetes,Saccharomycetales,Babin1,Y,,Babjeviella inositovora NRRL Y-12698 v1.0,15221050,"6,403","Riley R et al., 2016",
128,Dothideomycetes,Capnodiales,Bauco1,Y,,Baudoinia compniacensis UAMH 10762 (4089826) v1.0,21876451,"10,513","Ohm RA et al., 2012",
129,Sordariomycetes,Hypocreales,Beaba1,Y,,Beauveria bassiana ARSEF 2860,33693936,"10,364","Xiao G et al., 2012",Endophyte
130,Dothideomycetes,Pleosporales,Bimnz1,Y,,Bimuria novae-zelandiae CBS 107.79 v1.0,78183505,"16,681",,
131,Sordariomycetes,Xylariales,Bisnum1,Y,,Biscogniauxia nummularia v1.0,41161898,"11,671",,
132,Leotiomycetes,Helotiales,Bissp1,Y,,Bisporella sp. PMI_857 v1.0,56472170,"17,945",,Endophyte
133,Saccharomycetes,Saccharomycetales,Arxad1,Y,,Blastobotrys (Arxula) adeninivorans,11804616,"6,119","Kunze G et al., 2014",
134,Eurotiomycetes,Onygenales,Blade1,Y,,Blastomyces dermatitidis SLH14081,75353942,"11,343","Munoz JF et al., 2015",
135,Leotiomycetes,Erysiphales,Blugr2,Y,,Blumeria graminis f. sp. hordei DH14,124489486,"7,118","Frantzeskakis L et al., 2018",Plant pathogen
136,Leotiomycetes,Erysiphales,BlugrR1_1,Y,,Blumeria graminis f. sp. hordei Race1,116475897,"7,239","Frantzeskakis L et al., 2018",Plant pathogen
137,Leotiomycetes,Erysiphales,Blugra1,Y,,Blumeria graminis f. sp. tritici 96224,158944908,"6,525","Wicker T et al., 2013",Plant pathogen
138,Dothideomycetes,Pleosporales,Boeex1,Y,,Boeremia exigua MPI-SDFR-AT-0100 v1.0,35322113,"12,871",,Endophyte
139,Sordariomycetes,Bolineales,Cornip1,Y,,Boliniaceae sp. AZ0804 v1.0,37032637,"9,820",,Endophyte
140,Sordariomycetes,Sordariales,Bombom1,Y,,Bombardia bombarda SMH3391-2 v1.0,38597794,"12,102",,
141,Dothideomycetes,Botryosphaeriales,Botdo1_1,Y,,Botryosphaeria dothidea,43500615,"14,998","Marsberg A et al., 2017",Plant pathogen
142,Saccharomycetes,Saccharomycetales,Botmuc1,Y,,Botryozyma mucatilis CBS 9042 v1.0,21119431,"5,716",,
143,Leotiomycetes,Helotiales,Botci1,Y,,Botrytis cinerea v1.0,42663021,"16,447","Staats M et al., 2012",Plant pathogen
144,Leotiomycetes,Phacidiales,Bulin1,Y,,Bulgaria inquinans CBS118.31 v1.0,26108822,"9,864",,
145,Eurotiomycetes,Eurotiales,Byssp1,Y,,Byssochlamys spectabilis No. 5,29762401,"8,877","Oka T et al., 2014",
146,Dothideomycetes,Pleosporales,Bysci1,Y,,Byssothecium circinans CBS 675.92 v1.0,49288729,"15,785",,
147,Leotiomycetes,Helotiales,Cadsp1,Y,,Cadophora sp. DSE1049 v1.0,70459101,"22,766","Knapp DG et al., 2018",Endophyte
148,Eurotiomycetes,Coryneliales,Calor1,Y,,Caliciopsis orientalis,28171555,"8,494",,
149,Pezizomycetes,Pezizales,Calful1,Y,,Caloscypha fulgens ATCC 42695 v1.0,44839139,"9,203",,
150,Sordariomycetes,Calosphaeriales,Calpu1,Y,,Calosphaeria pulchella,37801971,"10,200",,
151,Saccharomycetes,Saccharomycetales,Canalb1,Y,,Candida albicans SC5314,14282666,"6,040","Jones T et al., 2004",
152,Saccharomycetes,Saccharomycetales,Canar1,Y,,Candida arabinofermentans NRRL YB-2248 v1.0,13234078,"5,861","Riley R et al., 2016",
153,Saccharomycetes,Saccharomycetales,Canbo1,Y,,Candida boidinii NRRL Y-2332,19278657,"6,230","Krassowski T et al., 2018",
154,Saccharomycetes,Saccharomycetales,Canta1,Y,,Candida tanzawaensis NRRL Y-17324 v1.0,13136204,"5,895","Riley R et al., 2016",
155,Saccharomycetes,Saccharomycetales,Cante1,Y,,Candida tenuis NRRL Y-1498 v1.0,10747050,"5,533","Wohlbach DJ et al., 2011",
156,Eurotiomycetes,Chaetothyriales,Capcor1,Y,,Capronia coronata CBS 617.96,25807613,"9,231","Teixeira MM et al., 2017",
157,Eurotiomycetes,Chaetothyriales,Capep1,Y,,Capronia epimyces CBS 606.96,28889638,"10,469","Teixeira MM et al., 2017",
158,Eurotiomycetes,Chaetothyriales,Capse1,Y,,Capronia semiimmersa CBS27337,31616172,"11,909","Teixeira MM et al., 2017",
159,Dothideomycetes,incertae sedis,Cenge3,Y,,Cenococcum geophilum 1.58 v2.0,177557160,"14,748","Peter M et al., 2016",Mycorrhizal
160,Saccharomycetes,Saccharomycetales,Cepal1_1,Y,,Cephaloascus albidus ATCC 66658 v1.0,15275007,"6,196",,
161,Saccharomycetes,Saccharomycetales,Cepfr1_1,Y,,Cephaloascus fragrans 12-1022 v1.0,13697830,"5,717",,
162,Sordariomycetes,Sordariales,Cercau1,Y,,Cercophora caudata CBS 606.72 v1.0,41294634,"14,552",,
163,Sordariomycetes,Sordariales,Cernew1,Y,,Cercophora newfieldiana SMH2532-1 v1.0,39838444,"14,520",,
164,Sordariomycetes,Sordariales,Cersc1,Y,,Cercophora scortea SMH4131-1 v1.0,40165273,"11,779",,
165,Dothideomycetes,Capnodiales,Cerzm1,Y,,Cercospora zeae-maydis v1.0,46606380,"12,020",,Plant pathogen
166,Sordariomycetes,Sordariales,Chafi1,Y,,Chaetomidium fimeti CBS 168.71 v1.0,35321551,"11,448",,
167,Sordariomycetes,Sordariales,Chagl_1,Y,,Chaetomium globosum v1.0,34886939,"11,124","Cuomo CA et al., 2015",
168,Sordariomycetes,Sordariales,Chame1,Y,,Chaetomium megalocarpum MPI-CAGE-AT-0009 v1.0,33768356,"11,326",,Endophyte
169,Sordariomycetes,Chaetosphaeriales,Chain1,Y,,Chaetosphaeria innumera,37690963,"11,496",,
170,Sordariomycetes,Chaetosphaeriales,CodFL1790_1,Y,,Chaetosphaeriaceae sp. FL1790 v1.0,49247973,"15,615",,Endophyte
171,Leotiomycetes,Helotiales,Chalo1,Y,,Chalara longipes BDJ v1.0,52432785,"19,765",,
172,Pezizomycetes,Pezizales,Chove1,Y,,Choiromyces venosus 120613-1 v1.0,126035033,"17,986","Murat C et al., 2018",Mycorrhizal
173,Saccharomycetes,Saccharomycetales,Citma1,Y,,Citeromyces matritensis NRRL Y-2407,20321446,"7,868","Krassowski T et al., 2018",
174,Lecanoromycetes,Lecanorales,Clagr3,Y,,Cladonia grayi Cgr/DA2myc/ss v2.0,34622149,"11,389",,Lichenised
175,Eurotiomycetes,Chaetothyriales,Claba1,Y,,Cladophialophora bantiana CBS 173.52,36722552,"12,762","Teixeira MM et al., 2017",
176,Eurotiomycetes,Chaetothyriales,Claca1,Y,,Cladophialophora carrionii CBS 160.54,28991111,"10,373","Teixeira MM et al., 2017",
177,Eurotiomycetes,Chaetothyriales,Claim1,Y,,Cladophialophora immunda CBS83496,43029152,"14,033","Teixeira MM et al., 2017",
178,Eurotiomycetes,Chaetothyriales,Claps1,Y,,Cladophialophora psammophila CBS 110553,39420127,"13,421","Teixeira MM et al., 2017",
179,Eurotiomycetes,Chaetothyriales,Claye1,Y,,Cladophialophora yegresii CBS 114405,27898422,"10,118","Teixeira MM et al., 2017",
180,Sordariomycetes,Sordariales,Clabul1,Y,,Cladorrhinum bulbillosum DJ3 v1.0,39735607,"12,786",,
181,Dothideomycetes,Capnodiales,Clafu1,Y,,Cladosporium fulvum v1.0,61113266,"14,127","de Wit PJ et al., 2012",Plant pathogen
182,Dothideomycetes,Capnodiales,Clasph1,Y,,Cladosporium sphaerospermum UM 843,26690478,"8,807","Ng KP et al., 2012",
183,Dothideomycetes,Pleosporales,Clael1,Y,,Clathrospora elynae CBS 161.51 v1.0,37388950,"13,617",,
184,Saccharomycetes,Saccharomycetales,Clalu1_2,Y,,Clavispora lusitaniae ATCC 42720,12114892,"5,936","Butler G et al., 2009",
185,Dothideomycetes,Pleosporales,Cloaq1,Y,,Clohesyomyces aquaticus v1.0,49677730,"15,810","Mondo SJ et al., 2017",
186,Sordariomycetes,Hypocreales,Cloro1,Y,,Clonostachys rosea CBS125111 v1.0,52435476,"18,639",,Endophyte
187,Eurotiomycetes,Onygenales,Cocim1,Y,,Coccidioides immitis RS ,28947925,"9,910","Sharpton TJ et al., 2009",
188,Eurotiomycetes,Chaetothyriales,Cocba1,Y,,Coccodinium bartschii CBS 121709 v1.0,28268635,"9,532",,
189,Leotiomycetes,Rhytismatales,Cocst1,Y,,Coccomyces strobi CBS 202.91 v1.0,32666196,"11,537",,
190,Dothideomycetes,Pleosporales,Cocca1,Y,,Cochliobolus carbonum 26-R-13 v1.0,31267936,"12,857","Condon BJ et al., 2013",Plant pathogen
191,Dothideomycetes,Pleosporales,CocheC4_1,Y,,Cochliobolus heterostrophus C4 v1.0,32929167,"12,720","Ohm RA et al., 2012",Plant pathogen
192,Dothideomycetes,Pleosporales,CocheC5_3,Y,,Cochliobolus heterostrophus C5 v2.0,36456735,"13,336","Ohm RA et al., 2012",Plant pathogen
193,Dothideomycetes,Pleosporales,Coclu2,Y,,Cochliobolus lunatus m118 v2.0,31171894,"12,131","Ohm RA et al., 2012",Plant pathogen
194,Dothideomycetes,Pleosporales,Cocmi1,Y,,Cochliobolus miyabeanus ATCC 44560 v1.0,31362097,"12,007","Condon BJ et al., 2013",Plant pathogen
195,Dothideomycetes,Pleosporales,Cocsa1,Y,,Cochliobolus sativus ND90Pr v1.0,34417436,"12,250","Ohm RA et al., 2012",Plant pathogen
196,Dothideomycetes,Pleosporales,Cocvi1,Y,,Cochliobolus victoriae FI3 v1.0,32829575,"12,894","Condon BJ et al., 2013",Plant pathogen
197,Sordariomycetes,Glomerellales,Colab1,Y,,Colletotrichum abscissum IMI 504890,53936108,"17,280",,Plant pathogen
198,Sordariomycetes,Glomerellales,Colac2,Y,,Colletotrichum acutatum CBS 112980 v2.0,49057477,"15,036",,
199,Sordariomycetes,Glomerellales,Colca1,Y,,Colletotrichum caudatum CBS131602 v1.0,44202764,"15,294",,
200,Sordariomycetes,Glomerellales,Colce1,Y,,Colletotrichum cereale CBS 129662 v1.0,52150039,"16,412",,
201,Sordariomycetes,Glomerellales,Colch1,Y,,Colletotrichum chlorophyti NTL11,52387045,"10,310","Gan P et al., 2017",Plant pathogen
202,Sordariomycetes,Glomerellales,Colco1,Y,,Colletotrichum costaricense IMI 309622,51625248,"17,126",,Plant pathogen
203,Sordariomycetes,Glomerellales,Colcu1,Y,,Colletotrichum cuscutae IMI 304802,80453496,"17,289",,Plant pathogen
204,Sordariomycetes,Glomerellales,Coler1,Y,,Colletotrichum eremochloae CBS129661 v1.0,47210890,"15,169",,
205,Sordariomycetes,Glomerellales,Colfa1,Y,,Colletotrichum falcatum MAFF306170 v1.0,49085377,"15,619",,
206,Sordariomycetes,Glomerellales,Colfi1,Y,,Colletotrichum fioriniae PJ7,49002765,"13,759","Baroncelli R et al., 2014",Plant pathogen
207,Sordariomycetes,Glomerellales,Colgo1,Y,,Colletotrichum godetiae CBS 193.32 v1.0,51652851,"16,071",,
208,Sordariomycetes,Glomerellales,Colgr1,Y,,Colletotrichum graminicola M1.001,51604658,"12,006","O'Connell RJ et al., 2012",Plant pathogen
209,Sordariomycetes,Glomerellales,Colhig2,Y,,Colletotrichum higginsianum IMI 349063,50716103,"14,651","Zampounis A et al., 2016",
210,Sordariomycetes,Glomerellales,Colin1,Y,,Colletotrichum incanum MAFF 238712,53254579,"11,852","Gan P et al., 2016",Plant pathogen
211,Sordariomycetes,Glomerellales,Collu1,Y,,Colletotrichum lupini CBS 109225 v1.0,58756634,"15,365",,
212,Sordariomycetes,Glomerellales,Collup1,Y,,Colletotrichum lupini IMI 504893,63407421,"18,324",,Plant pathogen
213,Sordariomycetes,Glomerellales,Colme1,Y,,Colletotrichum melonis CBS 134730,50135825,"16,823",,Plant pathogen
214,Sordariomycetes,Glomerellales,Colna1,Y,,Colletotrichum navitas CBS125086 v1.0,52436969,"14,682",,
215,Sordariomycetes,Glomerellales,Colny1,Y,,Colletotrichum nymphaeae SA-01,49956273,"14,404","Baroncelli R et al., 2016",Plant pathogen
216,Sordariomycetes,Glomerellales,Colorb1,Y,,Colletotrichum orbiculare 104-T,90086138,"13,348","Gan P et al., 2013",Plant pathogen
217,Sordariomycetes,Glomerellales,Color1,Y,,Colletotrichum orchidophilum IMI 309357,48556462,"14,496","Baroncelli R et al., 2018",Plant pathogen
218,Sordariomycetes,Glomerellales,Colpa1,Y,,Colletotrichum paranaense IMI 384185,49177916,"16,775",,Plant pathogen
219,Sordariomycetes,Glomerellales,Colph1,Y,,Colletotrichum phormii CBS102054 v1.0,51666170,"15,209",,
220,Sordariomycetes,Glomerellales,Colsa1,Y,,Colletotrichum salicis CBS607.94,48373413,"13,783","Baroncelli R et al., 2016",Plant pathogen
221,Sordariomycetes,Glomerellales,Colsi1,Y,,Colletotrichum simmondsii CBS122122,50474234,"13,884","Baroncelli R et al., 2016",Plant pathogen
222,Sordariomycetes,Glomerellales,Colso1,Y,,Colletotrichum somersetensis CBS 131599 v1.0,53667270,"15,193",,
223,Sordariomycetes,Glomerellales,Colsp1,Y,,Colletotrichum sp. CBS 101611,62965231,"17,391",,Plant pathogen
224,Sordariomycetes,Glomerellales,Colsu1,Y,,Colletotrichum sublineola CBS 131301 v1.0,46916122,"15,208",,
225,Sordariomycetes,Glomerellales,Colta1,Y,,Colletotrichum tamarilloi CBS 129955,52077224,"17,399",,Plant pathogen
226,Sordariomycetes,Glomerellales,Colto1,Y,,Colletotrichum tofieldiae 0861,52836184,"12,501","Hacquard S et al., 2016",Plant pathogen
227,Sordariomycetes,Glomerellales,Coltof1,Y,,Colletotrichum tofieldiae CBS 168.49,52962735,"16,451",,Plant pathogen
228,Sordariomycetes,Glomerellales,Colzo1,Y,,Colletotrichum zoysiae MAFF235873 v1.0,46533813,"15,326",,
229,Sordariomycetes,Diaporthales,Pilidi1,Y,,Coniella lustricola B22-T-1 v1.0,36564510,"11,317",,
230,Sordariomycetes,Coniochaetales,Conli1,Y,,Coniochaeta ligniaria CBS 111746,43695863,"12,318",,
231,Sordariomycetes,Coniochaetales,Conlig1,Y,,Coniochaeta ligniaria NRRL 30616 v1.0,42382780,"13,657","Jimenez DJ et al., 2017",
232,Sordariomycetes,Coniochaetales,Conioc1,Y,,Coniochaeta sp. 2T2.1 v1.0,74351065,"24,735",,
233,Sordariomycetes,Coniochaetales,ConPMI546,Y,,Coniochaeta sp. PMI_546 v1.0,33513814,"11,346",,Endophyte
234,Dothideomycetes,incertae sedis,Conap1,Y,,Coniosporium apollinis CBS 100218,28645321,"9,308","Teixeira MM et al., 2017",
235,Sordariomycetes,Hypocreales,Cormi1,Y,,Cordyceps militaris CM01,32268578,"9,651","Zheng P et al., 2011",
236,Sordariomycetes,Microascales,Corma2,Y,,Corollospora maritima CBS 119819 v2.0,36970979,"12,991",,
237,Dothideomycetes,Pleosporales,Corca1,Y,,Corynespora cassiicola CCP v1.0,44846156,"17,166","Lopez D et al., 2018",Plant pathogen
238,Sordariomycetes,Diaporthales,Crypa2,Y,,Cryphonectria parasitica EP155 v2.0,43870411,"11,609",,Plant pathogen
239,Sordariomycetes,Diaporthales,Crypo1,Y,,Cryptodiaporthe populea CFL2025 v1.0,56940664,"13,681",,Plant pathogen
240,Sordariomycetes,Diaporthales,Crypto1,Y,,Cryptodiaporthe sp. AZ0812 v1.0,41659411,"12,727",,Endophyte
241,Dothideomycetes,Pleosporales,Cucbe1,Y,,Cucurbitaria berberidis CBS 394.84 v1.0,32905402,"12,439",,
242,Saccharomycetes,Saccharomycetales,Cybja1,Y,,Cyberlindnera jadinii NRRL Y-1542 v1.0,13018415,"6,038","Riley R et al., 2016",
243,Sordariomycetes,Hypocreales,Cylol1,Y,,Cylindrocarpon olidum MPI-CAGE-CH-0241 v1.0,52862545,"16,645",,Endophyte
244,Eurotiomycetes,Chaetothyriales,Cypeu1,Y,,Cyphellophora europaea CBS 101466,28781303,"11,094","Teixeira MM et al., 2017",
245,Sordariomycetes,Diaporthales,Cytch1,Y,,Cytospora chrysosperma CFL2056 v1.0,36553556,"10,847",,Plant pathogen
246,Sordariomycetes,Hypocreales,Daces1,Y,,Dactylonectria estremocensis MPI-CAGE-AT-0021 v1.0,64663708,"19,198",,Plant pathogen
247,Sordariomycetes,Hypocreales,Dacma1,Y,,Dactylonectria macrodidyma MPI-CAGE-AT-0147 v1.0,77328613,"21,304",,
248,Sordariomycetes,Xylariales,DalEC12_1,Y,,Daldinia eschscholzii EC12 v1.0,37551009,"11,173","Wu W et al., 2017",Endophyte
249,Saccharomycetes,Saccharomycetales,Debha1,Y,,Debaryomyces hansenii,12152486,"6,272","Sacerdot C et al., 2008",
250,Dothideomycetes,Pleosporales,Decga1,Y,,Decorospora gaudefroyi v1.0,30559368,"11,835",,
251,Saccharomycetes,Saccharomycetales,Dekbr2,Y,,Dekkera bruxellensis CBS 2499 v2.0,13385232,"5,636","Piskur J et al., 2012",
252,Dothideomycetes,Pleosporales,Delco1,Y,,Delitschia confertaspora ATCC 74209 v1.0,31159062,"10,171",,
253,Dothideomycetes,Dothideales,Delst1,Y,,Delphinella strobiligena CBS 735.71 v1.0,29209081,"10,337",,
254,Dothideomycetes,Pleosporales,Denna1,Y,,Dendryphion nanum MPI-CAGE-CH-0243 v1.0,41131413,"13,889",,Endophyte
255,Sordariomycetes,Diaporthales,Diaam1,Y,,Diaporthe ampelina UCDDA912,47325858,"10,704","Morales-Cruz A et al., 2015",Plant pathogen
256,Dothideomycetes,Pleosporales,Didex1,Y,,Didymella exigua CBS 183.55 v1.0,34389227,"12,394",,Plant pathogen
257,Dothideomycetes,Pleosporales,Didma1,Y,,Didymella zeae-maydis 3018,32598614,"11,614",,Plant pathogen
258,Dothideomycetes,incertae sedis,Didsa1,Y,,Didymocrea sadasivanii CBS 438.65 v1.0,45143804,"13,361",,
259,Dothideomycetes,Botryosphaeriales,Dipse1,Y,,Diplodia seriata DS831,37120944,"9,343","Morales-Cruz A et al., 2015",Plant pathogen
260,Dothideomycetes,Capnodiales,Disac1,Y,,Dissoconium aciculare v1.0,26537235,"10,299",,
261,Dothideomycetes,Pleosporales,Dotsy1,Y,,Dothidotthia symphoricarpi v1.0,34433519,"11,790",,Plant pathogen
262,Dothideomycetes,Capnodiales,Dotse1,Y,,Dothistroma septosporum NZE10 v1.0,30209431,"12,580","de Wit PJ et al., 2012",Plant pathogen
263,Dothideomycetes,Myriangiales,Elsamp1,Y,,Elsinoe ampelina CECT 20119 v1.0,28270677,"10,209",,Plant pathogen
264,Leotiomycetes,Rhytismatales,Elyde1,Y,,Elytroderma deformans CBS183.68 v1.0,50483512,"12,886",,Plant pathogen
265,Eurotiomycetes,Verrucariales,EndpusZ1,Y,,Endocarpon pusillum Z07020,37130611,"9,238","Wang YY et al., 2014",Lichenised
266,Sordariomycetes,Xylariales,Entma1,Y,,Entoleuca mammata CFL468 v1.0,47195832,"11,498",,Plant pathogen
267,Dothideomycetes,incertae sedis,Erebi1,Y,,Eremomyces bilateralis CBS 781.70 v1.0,26864015,"9,881",,
268,Saccharomycetes,Saccharomycetales,Ashgo1_1,Y,,Eremothecium gossypii ATCC 10895,9095748,"4,768",,
269,Leotiomycetes,Erysiphales,Erynec1,Y,,Erysiphe necator c,52505057,"6,484","Jones L et al., 2014",Plant pathogen
270,Eurotiomycetes,incertae sedis,EurotioJF033F_1,Y,,Eurotiomycetes sp. JF 03-3F Goopy v1.0,28289675,"11,344",,
271,Eurotiomycetes,incertae sedis,EurotioJF034F_1,Y,,Eurotiomycetes sp. JF 03-4F Slimy v1.0,28227525,"11,358",,
272,Eurotiomycetes,Eurotiales,Eurhe1,Y,,Eurotium rubrum v1.0,26209327,"10,076","Kis-Papo T et al., 2014",
273,Sordariomycetes,Xylariales,Eutla1,Y,,Eutypa lata UCREL1,54005819,"11,685","Blanco-Ulate B et al., 2013",Plant pathogen
274,Eurotiomycetes,Chaetothyriales,Exoalc1,Y,,Exophiala alcalophila ATCC 48519 v1.0,29813316,"12,077",,
275,Eurotiomycetes,Chaetothyriales,Exoalc1_J33,Y,,Exophiala alcalophila J33 v1.0,29703595,"12,081",,
276,Eurotiomycetes,Chaetothyriales,Exoaq1,Y,,Exophiala aquamarina CBS 119918,41566958,"13,118","Teixeira MM et al., 2017",
277,Eurotiomycetes,Chaetothyriales,Exode1,Y,,Exophiala dermatitidis UT8656,26350763,"9,562","Chen Z et al., 2014",
278,Eurotiomycetes,Chaetothyriales,Exome1,Y,,Exophiala mesophila CBS40295,29273723,"10,347","Teixeira MM et al., 2017",
279,Eurotiomycetes,Chaetothyriales,Exool1,Y,,Exophiala oligosperma CBS72588,38224514,"13,234","Teixeira MM et al., 2017",
280,Eurotiomycetes,Chaetothyriales,Exosi1,Y,,Exophiala sideris CBS121828,29505589,"11,120","Teixeira MM et al., 2017",
281,Eurotiomycetes,Chaetothyriales,Exosp1,Y,,Exophiala spinifera CBS89968,32912349,"12,049","Teixeira MM et al., 2017",
282,Eurotiomycetes,Chaetothyriales,Exoxe1,Y,,Exophiala xenobiotica CBS118157,31405760,"13,187","Teixeira MM et al., 2017",
283,Dothideomycetes,Pleosporales,Fenfe1,Y,,Fenestella fenestrata ATCC 66461 v1.0,32694302,"11,804",,
284,Eurotiomycetes,Chaetothyriales,Fonmo1,Y,,Fonsecaea monophora CBS 269.37,35229797,"11,984","Bombassaro A et al., 2016",
285,Eurotiomycetes,Chaetothyriales,Fonmu1,Y,,Fonsecaea multimorphosa CBS 102226,33447075,"12,369","Teixeira MM et al., 2017",
286,Eurotiomycetes,Chaetothyriales,Fonnu1,Y,,Fonsecaea nubica CBS 269.64,33787447,"11,681","Costa FF et al., 2016",
287,Eurotiomycetes,Chaetothyriales,Fonpe1,Y,,Fonsecaea pedrosoi CBS 271.37,34688880,"12,527","Teixeira MM et al., 2017",
288,Sordariomycetes,Hypocreales,Fusco1,Y,,Fusarium commune MPI-SDFR-AT-0072 v1.0,48370669,"15,731",,Endophyte
289,Sordariomycetes,Hypocreales,Fuseq1,Y,,Fusarium equiseti MPI-CAGE-AA-0113 v1.0,40328194,"13,580",,Endophyte
290,Sordariomycetes,Hypocreales,Fusfu1,Y,,Fusarium fujikuroi IMI 58289,43832314,"14,813","Wiemann P et al., 2013",Plant pathogen
291,Sordariomycetes,Hypocreales,Fusgr1,Y,,Fusarium graminearum v1.0,36446046,"13,322","Cuomo CA et al., 2007",Plant pathogen
292,Sordariomycetes,Hypocreales,Fusoxys1,Y,,Fusarium oxysporum MPI-CAGE-CH-0212 v1.0,55719217,"17,726",,Plant pathogen
293,Sordariomycetes,Hypocreales,Fusoxy1,Y,,Fusarium oxysporum MPI-SDFR-AT-0094 v1.0,52242347,"17,445",,Endophyte
294,Sordariomycetes,Hypocreales,Fusox2,Y,,Fusarium oxysporum f. sp. lycopersici 4287 v2,61357934,"27,347","Ma LJ et al., 2010",Plant pathogen
295,Sordariomycetes,Hypocreales,FusoxT415,Y,,Fusarium oxysporum f. sp. pisi T415 v1.0,55839562,"18,001",,Plant pathogen
296,Sordariomycetes,Hypocreales,Fusps1,Y,,Fusarium pseudograminearum CS3096,36330246,"12,395","Gardiner DM et al., 2012",Plant pathogen
297,Sordariomycetes,Hypocreales,Fusre1,Y,,Fusarium redolens MPI-CAGE-AT-0023 v1.0,52563400,"17,051",,Endophyte
298,Sordariomycetes,Hypocreales,Fusso1,Y,,Fusarium solani MPI-SDFR-AT-0091 v1.0,52932111,"17,656",,Endophyte
299,Sordariomycetes,Hypocreales,FusspF10_1,Y,,Fusarium sp. FSSC 10 v1.0,42448309,"12,147",,
300,Sordariomycetes,Hypocreales,FusspF23_1,Y,,Fusarium sp. FSSC 23 v1.0,50406540,"16,777",,
301,Sordariomycetes,Hypocreales,Fustri1,Y,,Fusarium tricinctum MPI-SDFR-AT-0044 v1.0,42232206,"14,043",,Plant pathogen
302,Sordariomycetes,Hypocreales,Fustr1,Y,,Fusarium tricinctum MPI-SDFR-AT-0068 v1.0,43693088,"14,106",,Plant pathogen
303,Sordariomycetes,Hypocreales,Fusven1,Y,,Fusarium venenatum MPI-CAGE-CH-0201 v1.0,37452605,"12,845",,
304,Sordariomycetes,Hypocreales,Fusve2,Y,,Fusarium verticillioides 7600 v2,41776161,"20,553","Ma LJ et al., 2010",Plant pathogen
305,Sordariomycetes,Magnaporthales,Gaegr1,Y,,Gaeumannomyces graminis var. tritici R3-111a-1,43618147,"14,655","Okagaki LH et al., 2015",Plant pathogen
306,Sordariomycetes,Sordariales,Gelte1,Y,,Gelasinospora tetrasperma v1.0,43856413,"11,251",,
307,Pezizomycetes,Pezizales,Geocar1,Y,,Geopyxis carbonaria DOB1671 v1.0,49454325,"11,663",,
308,Leotiomycetes,Helotiales,Glalo1,Y,,Glarea lozoyensis ATCC 20868,39509734,"13,083","Chen L et al., 2013",
309,Sordariomycetes,Glomerellales,Gloac1,Y,,Glomerella acutata (Colletotrichum fiorinae MH 18) v1.0,50035977,"15,777",,
310,Sordariomycetes,Glomerellales,Gloci1,Y,,Glomerella cingulata 23 (Colletotrichum gloeosporoides 23) v1.0,58838139,"18,975",,
311,Dothideomycetes,Hysteriales,Glonio1,Y,,Gloniopsis sp. FL0384 v1.0,35836257,"12,423",,Endophyte
312,Dothideomycetes,incertae sedis,Glost2,Y,,Glonium stellatum CBS 207.34 v1.0,40521621,"14,362","Peter M et al., 2016",
313,Leotiomycetes,Erysiphales,Golci1,Y,,Golovinomyces cichoracearum UCSC1 v1.0,146841591,"6,782",,Plant pathogen
314,Leotiomycetes,Helotiales,Greab1,Y,,Gremmeniella abietina DAOM 170408 v1.0,38809823,"11,131",,Plant pathogen
315,Sordariomycetes,Ophiostomatales,Grocl1,Y,,Grosmannia clavigera kw1407,29794006,"8,312","DiGuistini S et al., 2011",Plant pathogen
316,Eurotiomycetes,Onygenales,Gymau1,Y,,Gymnascella aurantiaca v1.0,25350464,"9,106",,
317,Eurotiomycetes,Onygenales,Gymci1_1,Y,,Gymnascella citrina v1.1,25160636,"9,779",,
318,Pezizomycetes,Pezizales,Gyresc1,Y,,Gyromitra esculenta CBS101906 v1.0,45046303,"11,202",,
319,Saccharomycetes,Saccharomycetales,Hanva1_1,Y,,Hanseniaspora valbyensis NRRL Y-1626 v1.1,11464179,"4,800","Riley R et al., 2016",
320,Dothideomycetes,Pleosporales,Herpot1_1,Y,,Herpotrichia sp. AK1299 v1.0,52395805,"15,663",,Endophyte
321,Eurotiomycetes,Onygenales,Hisca1,Y,,Histoplasma capsulatum NAm1,32988475,"9,251","Sharpton TJ et al., 2009",
322,Dothideomycetes,Capnodiales,Horac1,Y,,Hortaea acidophila CBS 113389 v1.0,20432448,"9,831",,
323,Dothideomycetes,Dothideales,Horwer1,Y,,Hortaea werneckii EXF-2000 M0 v1.0,49942992,"15,748","Lenassi M et al., 2013",
324,Leotiomycetes,Helotiales,Hymvar1,Y,,Hymenoscyphus varicosporoides PMI_453 v1.0,48242133,"14,929",,Endophyte
325,Saccharomycetes,Saccharomycetales,Hypbu1,Y,,Hyphopichia burtonii NRRL Y-1933 v1.0,12403110,"6,002","Riley R et al., 2016",
326,Sordariomycetes,Xylariales,HypCI4A_1,Y,,Hypoxylon sp. CI-4A v1.0,37704138,"11,712","Wu W et al., 2017",Endophyte
327,Sordariomycetes,Xylariales,HypCO275_1,Y,,Hypoxylon sp. CO27-5 v1.0,46585682,"12,256","Wu W et al., 2017",Endophyte
328,Sordariomycetes,Xylariales,HypEC38_3,Y,,Hypoxylon sp. EC38 v3.0,47717833,"12,534","Wu W et al., 2017",Endophyte
329,Dothideomycetes,Hysteriales,Hyspu1_1,Y,,Hysterium pulicare,38427427,"12,352","Ohm RA et al., 2012",
330,Sordariomycetes,Hypocreales,Ilyeu1,Y,,Ilyonectria europaea MPI-CAGE-AT-0026 v1.0,62828295,"20,870",,Endophyte
331,Sordariomycetes,Hypocreales,Ilyrob1,Y,,Ilyonectria robusta PMI_751 v1.0,59648482,"20,499",,Endophyte
332,Sordariomycetes,Hypocreales,Ilysp1,Y,,Ilyonectria sp. v1.0,63663791,"22,250",,
333,Saccharomycetes,Saccharomycetales,Issori2,Y,,Issatchenkia orientalis ATCC 32196 v2.0,21860574,"4,941",,
334,Saccharomycetes,Saccharomycetales,Isori2,Y,,Issatchenkia orientalis ATCC PTA-6658 v2.0,23081982,"4,909",,
335,Saccharomycetes,Saccharomycetales,Issorie2,Y,,Issatchenkia orientalis SD108 v2.0,21693996,"4,925",,
336,Dothideomycetes,Jahnulales,Jahaq1,Y,,Jahnula aquatica CBS 123560 v1.0,46563677,"15,525",,
337,Pezizomycetes,Pezizales,Kalpfe1,Y,,Kalaharituber pfeilii F3 v1.0,78991937,"15,190",,
338,Dothideomycetes,Pleosporales,Karrh1,Y,,Karstenula rhodostoma CBS 690.94 v1.0,45074449,"15,043",,
339,Saccharomycetes,Saccharomycetales,Kazaf1,Y,,Kazachstania africana CBS 2517,11130140,"5,378","Gordon JL et al., 2011",
340,Sordariomycetes,Trichosphaeriales,Khuory1,Y,,Khuskia oryzae ATCC 28132 v1.0,46052188,"13,375",,
341,Saccharomycetes,Saccharomycetales,Klula1,Y,,Kluyveromyces lactis,10689156,"5,076","Dujon B et al., 2004",
342,Saccharomycetes,Saccharomycetales,Kurca1,Y,,Kuraishia capsulata CBS 1993,11371246,"6,029","Morales L et al., 2013",
343,Leotiomycetes,Helotiales,Lacsu1,Y,,Lachnellula subtilissima CBS 196.66 v1.0,33858279,"11,875",,
344,Sordariomycetes,Sordariales,Lasmin1,Y,,Lasiosphaeria miniovina SMH2392-1A v1.0,49418628,"14,970",,
345,Sordariomycetes,Sordariales,Lasov1,Y,,Lasiosphaeria ovina CBS 958.72 v1.0,51771160,"14,921",,
346,Sordariomycetes,Sordariales,Bombar1,Y,,Lasiosphaeriaceae sp. AZ0830 v1.0,49085029,"15,812",,
347,Sordariomycetes,Sordariales,Lashir1,Y,,Lasiosphaeris hirsuta SMH4607-1 v1.0,44448086,"14,131",,
348,Sordariomycetes,Sordariales,Lashi1,Y,,Lasiosphaeris hispida CBS 955.72 v1.0,48441159,"14,680",,
349,Sordariomycetes,Coniochaetales,LecAK0013_1,Y,,Lecythophora sp. AK0013 v1.0,45654947,"12,290",,Endophyte
350,Dothideomycetes,Pleosporales,Lenfl1,Y,,Lentithecium fluviatile v1.0,54688705,"16,742",,
351,Leotiomycetes,incertae sedis,Phimu1,Y,,Leotiomycetes sp. MPI-SDFR-AT-0126 v1.0,54044039,"17,024",,
352,Dothideomycetes,Mytilinidiales,Leppa1,Y,,Lepidopterella palustris v1.0,45668136,"13,870","Peter M et al., 2016",
353,Leotiomycetes,Helotiales,Lepor2,Y,,Leptodontidium orchidicola MPI-SDFR-AT-0119 v2.0,77016911,"21,254",,Endophyte
354,Leotiomycetes,Helotiales,Leptod1,Y,,Leptodontium sp. PMI_412 v1.0,73780780,"22,064",,Endophyte
355,Dothideomycetes,Pleosporales,Lepmu1,Y,,Leptosphaeria maculans,44892605,"12,469","Rouxel T et al., 2011",Plant pathogen
356,Dothideomycetes,Pleosporales,Linin1,Y,,Lindgomyces ingoldianus ATCC 200398 v1.0,69030646,"15,956",,
357,Sordariomycetes,Lulworthiales,Linth1,Y,,Lindra thalassiae JK4322 v1.0,31924598,"8,029",,
358,Dothideomycetes,Dothideales,Linrh1,Y,,Lineolata rhizophorae ATCC 16933 v1.0,31143728,"10,230",,
359,Saccharomycetes,Saccharomycetales,Lipst1_1,Y,,Lipomyces starkeyi NRRL Y-11557 v1.0,21267709,"8,192","Riley R et al., 2016",
360,Dothideomycetes,incertae sedis,Lizem1,Y,,Lizonia empirigonia CBS 542.76 v1.0,51521545,"12,467",,
361,Lecanoromycetes,Peltigerales,LobpulAf1,Y,,Lobaria pulmonaria Africa extracted metagenome v1.0,55026754,"16,100",,Lichenised
362,Lecanoromycetes,Peltigerales,LobpulSc1,Y,,Lobaria pulmonaria Scotland extracted metagenome v1.0,55851292,"16,471",,Lichenised
363,Lecanoromycetes,Peltigerales,Lobpul1,Y,,Lobaria pulmonaria Scotland reference genome v1.0,56119610,"15,607",,Lichenised
364,Lecanoromycetes,Peltigerales,LobpulSp1,Y,,Lobaria pulmonaria Spain extracted metagenome v1.0,55603861,"16,296",,Lichenised
365,Lecanoromycetes,Peltigerales,LobpulSw1,Y,,Lobaria pulmonaria Switzerland extracted metagenome v1.0,54928118,"16,426",,Lichenised
366,Saccharomycetes,Saccharomycetales,Lodelo1,Y,,Lodderomyces elongisporus NRRL YB-4239,15350449,"5,746","Butler G et al., 2009",
367,Sordariomycetes,Diaporthales,Lolmi1,Y,,Lollipopaia minuta P26; CBS 116597 v1.0,37418398,"11,996",,
368,Dothideomycetes,Pleosporales,Lopma1,Y,,Lophiostoma macrostomum v1.0,42577411,"16,160",,
369,Dothideomycetes,Pleosporales,Lopnu1,Y,,Lophiotrema nucula CBS 627.86 v1.0,48642237,"18,117",,
370,Dothideomycetes,Mytilinidiales,Lopmy1,Y,,Lophium mytilinum CBS 269.34 v1.0,43412209,"15,153",,
371,Leotiomycetes,Rhytismatales,Lopnit1_1,Y,,Lophodermium nitens PLMe3-1-3 v1.0,74665558,"19,985",,Endophyte
372,Leotiomycetes,Helotiales,Lorju1,Y,,Loramyces juncicola 46458 v1.0,42679920,"14,372",,
373,Leotiomycetes,Helotiales,Lorma1,Y,,Loramyces macrosporus CBS235.53 v1.0,50587134,"14,665",,
374,Dothideomycetes,Botryosphaeriales,Macpha1,Y,,Macrophomina phaseolina MPI-SDFR-AT-0080 v1.0,53641247,"14,845",,Plant pathogen
375,Dothideomycetes,Botryosphaeriales,Macph1,Y,,Macrophomina phaseolina MS6,48882845,"13,806","Islam MS et al., 2012",Plant pathogen
376,Dothideomycetes,Pleosporales,Macan1,Y,,Macroventuria anomochaeta CBS 525.71 v1.0,33336106,"12,954",,
377,Sordariomycetes,Magnaporthales,Maggr1,Y,,Magnaporthe grisea v1.0,41695457,"11,054","Dean RA et al., 2005",Plant pathogen
378,Sordariomycetes,Magnaporthales,Magpo1,Y,,Magnaporthiopsis poae ATCC 64411,39503331,"12,335",,Plant pathogen
379,Sordariomycetes,Hypocreales,MarPMI226,Y,,Mariannaea sp. PMI_226 v1.0,42252145,"12,638",,Endophyte
380,Leotiomycetes,Helotiales,Marbr1,Y,,Marssonina brunnea f. sp. multigermtubi MB_m1,51949877,"10,027","Zhu S et al., 2012",
381,Dothideomycetes,Pleosporales,Maseb1,Y,,Massarina eburnea CBS 473.64 v1.0,38236937,"12,935",,
382,Dothideomycetes,Pleosporales,Masph1,Y,,Massariosphaeria phaeospora CBS 611.86 v1.0,42105601,"14,021",,
383,Sordariomycetes,Diaporthales,Melsp1,Y,,Melanconium sp. NRRL 54901 v1.0,58516921,"16,656",,Plant pathogen
384,Dothideomycetes,Pleosporales,Melpu1,Y,,Melanomma pulvis-pyrius v1.0,42094923,"15,881",,
385,Dothideomycetes,Botryosphaeriales,Meltu1,Y,,Melanops tulasnei CBS 116805 v1.0,29236165,"10,192",,
386,Sordariomycetes,Melanosporales,Melti1,Y,,Melanospora tiffanyae F1KG0001 v1.0,28361249,"8,994",,Mycoparasitic
387,Leotiomycetes,Helotiales,Melbi2,Y,,Meliniomyces bicolor E v2.0,82384847,"18,619","Martino E et al., 2018",Mycorrhizal
388,Leotiomycetes,Helotiales,Melva1,Y,,Meliniomyces variabilis F v1.0,55857776,"20,389","Martino E et al., 2018",Mycorrhizal
389,Sordariomycetes,Hypocreales,Metac1,Y,,Metarhizium acridum CQMa 102,39422329,"9,849","Gao Q et al., 2011",
390,Sordariomycetes,Hypocreales,Metro1,Y,,Metarhizium robertsii ARSEF 23,41656800,"11,688","Hu X et al., 2014",
391,Saccharomycetes,Saccharomycetales,Metbi1,Y,,Metschnikowia bicuspidata NRRL YB-4993 v1.0,16055203,"5,851","Riley R et al., 2016",
392,Saccharomycetes,Saccharomycetales,Metbi_SCcomb,Y,,Metschnikowia bicuspidata single-cell v1.0,10953298,"4,778","Ahrendt SR et al., 2018",
393,Saccharomycetes,Saccharomycetales,Metfru2,Y,,Metschnikowia fructicola 277,24482224,"7,362","Hershkovitz V et al., 2013",
394,Saccharomycetes,Saccharomycetales,Meygui1,Y,,Meyerozyma guilliermondii ATCC 6260,10609954,"5,920","Butler G et al., 2009",
395,Sordariomycetes,Microascales,Mictr1,Y,,Microascus trigonosporus CBS 218.31 v1.0,36100005,"13,087",,
396,Dothideomycetes,Botryosphaeriales,Microd1,Y,,Microdiplodia sp. AK1800 v1.0,38428995,"11,559",,Endophyte
397,Sordariomycetes,Xylariales,Micbo1,Y,,Microdochium bolleyi J235TASD1 v1.0,38835037,"13,177","David AS et al., 2016",Endophyte
398,Sordariomycetes,Xylariales,Mictri1,Y,,Microdochium trichocladiopsis MPI-CAGE-CH-0230 v1.0,49282715,"16,025",,Endophyte
399,Eurotiomycetes,Onygenales,Micca1,Y,,Microsporum canis CBS 113480,23241642,"8,915","Martinez DA et al., 2012",
400,Dothideomycetes,Microthyriales,Micmi1,Y,,Microthyrium microscopicum CBS 115976 v1.0,37120801,"12,494",,Plant pathogen
401,Orbiliomycetes,Orbiliales,Monha1,Y,,Monacrosporium haptotylum CBS 200.50,39531920,"10,959","Meerupati T et al., 2013",
402,Eurotiomycetes,Eurotiales,Monpu1,Y,,Monascus purpureus v1.0,23439871,"8,918",,
403,Eurotiomycetes,Eurotiales,Monru1,Y,,Monascus ruber NRRL 1597 v1.0,24798814,"9,650",,
404,Pezizomycetes,Pezizales,Morco1,Y,,Morchella importuna CCBAS932 v1.0,48213273,"11,600","Murat C et al., 2018",
405,Pezizomycetes,Pezizales,Morimp1,Y,,Morchella importuna SCYDJ1-A1 v1.0,48802685,"11,971",,
406,Pezizomycetes,Pezizales,Morsny1,Y,,Morchella snyderi DOB2414 v1.0,54771879,"11,100",,
407,Sordariomycetes,Sordariales,Mychet1,Y,,Myceliophthora heterothallica CBS 202.75 v1.0,35441645,"9,222",,
408,Sordariomycetes,Sordariales,Myche1,Y,,Myceliophthora heterothallica CBS 203.75 v1.0,35358904,"10,061",,
409,Sordariomycetes,Sordariales,Corsim1,Y,,Myceliophthora similis CBS 632.67 v1.0,31812524,"9,392",,
410,Sordariomycetes,Sordariales,Spoth2,Y,,Myceliophthora thermophila (Sporotrichum thermophile) v2.0,38744216,"9,110","Berka RM et al., 2011",
411,Dothideomycetes,Capnodiales,Mycgr3,Y,,Mycosphaerella graminicola v2.0,39686251,"10,933","Goodwin SB et al., 2011",Plant pathogen
412,Dothideomycetes,Myriangiales,Myrian1,Y,,Myriangiaceae sp. NC1570 v1.0,24765939,"9,767",,Endophyte
413,Dothideomycetes,Myriangiales,Myrdu1,Y,,Myriangium duriaei CBS 260.36 v1.0,25685045,"10,685",,
414,Sordariomycetes,Hypocreales,Myrin1,Y,,Myrothecium inundatum CBS 120646 v1.0,39207821,"13,553",,
415,Dothideomycetes,Mytilinidiales,Lophiu1,Y,,Mytilinidiaceae sp. NC0267 v1.0,33900907,"12,216",,Endophyte
416,Dothideomycetes,Mytilinidiales,Mytre1,Y,,Mytilinidion resinicola CBS 304.34 v1.0,47275052,"16,794",,
417,Saccharomycetes,Saccharomycetales,Myxme1,Y,,Myxozyma melibiosi Phaff 52-87 v1.0,15330035,"6,299",,
418,Saccharomycetes,Saccharomycetales,Nadfu1,Y,,Nadsonia fulvescens var. elongata DSM 6958 v1.0,13746944,"5,657","Riley R et al., 2016",
419,Saccharomycetes,Saccharomycetales,Nakbac1,Y,,Nakaseomyces bacillisporus CBS 7720,10993726,"5,086","Gabaldon T et al., 2013",
420,Saccharomycetes,Saccharomycetales,Nakdel1,Y,,Nakaseomyces delphensis CBS 2170,10932331,"5,103","Gabaldon T et al., 2013",
421,Saccharomycetes,Saccharomycetales,Nakwi1,Y,,Nakazawaea wickerhamii NRRL Y-2563,10857285,"5,490","Krassowski T et al., 2018",
422,Sordariomycetes,Hypocreales,Necha2,Y,,Nectria haematococca v2.0,51286497,"15,707","Coleman JJ et al., 2009",Plant pathogen
423,Sordariomycetes,Hypocreales,Necsp1,Y,,Nectriopsis sporangicola NRRL 22127 v1.0,25479315,"8,044",,
424,Dothideomycetes,Botryosphaeriales,Neopa1,Y,,Neofusicoccum parvum UCRNP2,42592847,"10,366","Blanco-Ulate B et al., 2013",Plant pathogen
425,Neolectomycetes,Neolectales,Neoirr1,Y,,Neolecta irregularis DAH-1 v1.0,14591686,"6,674","Nguyen TA et al., 2017",
426,Sordariomycetes,Hypocreales,Neodi1,Y,,Neonectria ditissima R09/05,45719213,"12,685","Gomez-Cortecero A et al., 2015",Plant pathogen
427,Sordariomycetes,Hypocreales,Neora1,Y,,Neonectria radicicola MPI-CAGE-AT-0134 v1.0,71715727,"22,025",,
428,Eurotiomycetes,Eurotiales,Neofi1,Y,,Neosartorya fischeri NRRL 181,32551711,"10,406","Arnaud MB et al., 2012",
429,Sordariomycetes,Sordariales,Neucr_trp3_1,Y,,Neurospora crassa FGSC 73 trp-3 v1.0,40416174,"11,978","Baker SE et al., 2015",
430,Sordariomycetes,Sordariales,Neucr2,Y,,Neurospora crassa OR74A v2.0,41037538,"10,785","Galagan JE et al., 2003",
431,Sordariomycetes,Sordariales,Neucr4830_1,Y,,Neurospora crassa clade B FGSC 4830 v1.0,37056930,"10,586",,
432,Sordariomycetes,Sordariales,Neudi1,Y,,Neurospora discreta FGSC 8579 mat A,37302679,"9,948",,
433,Sordariomycetes,Sordariales,Neuhi1,Y,,Neurospora hispaniola FGSC 10403 v1.0,40807401,"10,446",,
434,Sordariomycetes,Sordariales,Neute_mat_a1,Y,,Neurospora tetrasperma FGSC 2509 mat a v1.0,39126702,"11,192","Ellison CE et al., 2011",
435,Sordariomycetes,Hypocreales,Nieex1,Y,,Niesslia exilis CBS 358.70 v1.0,35381739,"13,499",,
436,Saccharomycetes,Saccharomycetales,Ogapa1,Y,,Ogataea parapolymorpha DL-1,8874589,"5,325",,
437,Saccharomycetes,Saccharomycetales,Hanpo2,Y,,Ogataea polymorpha NCYC 495 leu1.1 v2.0,8974850,"5,177","Riley R et al., 2016",
438,Leotiomycetes,incertae sedis,Oidma1,Y,,Oidiodendron maius Zn v1.0,46426256,"16,703","Kohler A et al., 2015",
439,Dothideomycetes,Pleosporales,Ophdi1,Y,,Ophiobolus disseminans CBS 113818 v1.0,41683814,"16,027",,
440,Sordariomycetes,Ophiostomatales,Ophnu1,Y,,Ophiostoma novo-ulmi subsp. novo-ulmi H327,31784886,"8,640","Forgetta V et al., 2013",
441,Sordariomycetes,Ophiostomatales,Ophpic1,Y,,Ophiostoma piceae UAMH 11346,32840360,"8,884","Haridas S et al., 2013",Plant pathogen
442,Sordariomycetes,Ophiostomatales,Ophpi1,Y,,Ophiostoma piliferum,27257965,"8,564",,
443,Saccharomycetes,Saccharomycetales,Pacta1_2,Y,,Pachysolen tannophilus NRRL Y-2460 v1.2,12597116,"5,675","Riley R et al., 2016",
444,Eurotiomycetes,Eurotiales,Bysni1,Y,,Paecilomyces niveus CO7 v1.0,36022454,"10,584","Biango-Daniels MN et al., 2018",
445,Eurotiomycetes,Eurotiales,Paevar1,Y,,Paecilomyces variotii CBS 101075 v1.0,30105809,"9,270","Urquhart AS et al., 2018",
446,Eurotiomycetes,Eurotiales,Paevar_HGY_1,Y,,Paecilomyces variotii CBS144490 HYG1 v1.0,32365222,"9,230","Urquhart AS et al., 2018",
447,Eurotiomycetes,Onygenales,Parbr1,Y,,Paracoccidioides brasiliensis Pb03,29059745,"7,876","Desjardins CA et al., 2011",
448,Eurotiomycetes,Onygenales,Parbra1,Y,,Paracoccidioides brasiliensis Pb18,29952540,"8,390","Desjardins CA et al., 2011",
449,Dothideomycetes,Pleosporales,Parsp1,Y,,Paraconiothyrium sporulosum AP3s5-JAC2a v1.0,38464024,"14,745","Zeiner CA et al., 2016",Plant pathogen
450,Dothideomycetes,Pleosporales,Parch1,Y,,Paraphoma chrysanthemicola MPI-GEGE-AT-0034 v1.0,40663325,"15,089",,
451,Dothideomycetes,Patellariales,Patat1,Y,,Patellaria atrata v1.0,28693344,"9,794",,
452,Eurotiomycetes,Eurotiales,Penant1,Y,,Penicillium antarcticum IBT 31811,31454985,"11,514","Nielsen JC et al., 2017",
453,Eurotiomycetes,Eurotiales,Penatra1,Y,,Penicillium atramentosum RS17 v1.0,32736673,"10,990",,
454,Eurotiomycetes,Eurotiales,Penbi1,Y,,Penicillium bilaiae ATCC 20851 v1.0,37537715,"13,606",,
455,Eurotiomycetes,Eurotiales,Penbr2,Y,,Penicillium brevicompactum 1011305 v2.0,32114150,"11,536",,
456,Eurotiomycetes,Eurotiales,PenbrAgRF18_1,Y,,Penicillium brevicompactum AgRF18 v1.0,31680764,"12,343",,
457,Eurotiomycetes,Eurotiales,Penca1,Y,,Penicillium canescens ATCC 10419 v1.0,33260822,"12,374",,
458,Eurotiomycetes,Eurotiales,PenchWisc1_1,Y,,Penicillium chrysogenum Wisconsin 54-1255,32223735,"13,671","van den Berg MA et al., 2008",
459,Eurotiomycetes,Eurotiales,Pench1,Y,,Penicillium chrysogenum v1.0,31340922,"11,396","de Vries RP et al., 2017",
460,Eurotiomycetes,Eurotiales,Pencop1,Y,,Penicillium coprophilum IBT 31321,28360408,"8,999","Nielsen JC et al., 2017",
461,Eurotiomycetes,Eurotiales,Pendec1,Y,,Penicillium decumbens IBT 11843,23940802,"7,149","Nielsen JC et al., 2017",
462,Eurotiomycetes,Eurotiales,Pendi1,Y,,Penicillium digitatum PHI26,25956151,"9,118","Marcet-Houben M et al., 2012",
463,Eurotiomycetes,Eurotiales,Pendig1,Y,,Penicillium digitatum Pd1,24884312,"8,946","Marcet-Houben M et al., 2012",
464,Eurotiomycetes,Eurotiales,Penex1,Y,,Penicillium expansum ATCC 24692 v1.0,32451619,"11,807",,
465,Eurotiomycetes,Eurotiales,Penexp1,Y,,Penicillium expansum d1,32065046,"11,023","Ballester AR et al., 2015",
466,Eurotiomycetes,Eurotiales,Penfe1,Y,,Penicillium fellutanum ATCC 48694 v1.0,30197732,"11,300",,
467,Eurotiomycetes,Eurotiales,Penfla1,Y,,Penicillium flavigenum IBT 14082,32903267,"10,994","Nielsen JC et al., 2017",
468,Eurotiomycetes,Eurotiales,Pengl1,Y,,Penicillium glabrum DAOM 239074 v1.0,33163077,"12,328",,
469,Eurotiomycetes,Eurotiales,Pengri1,Y,,Penicillium griseofulvum PG3,29140916,"9,630","Banani H et al., 2016",
470,Eurotiomycetes,Eurotiales,Penita1,Y,,Penicillium italicum PHI-1,30164421,"9,996","Ballester AR et al., 2015",
471,Eurotiomycetes,Eurotiales,Penja1,Y,,Penicillium janthinellum ATCC 10455 v1.0,35149264,"12,098",,
472,Eurotiomycetes,Eurotiales,Penla1,Y,,Penicillium lanosocoeruleum ATCC 48919 v1.0,29053594,"10,698",,
473,Eurotiomycetes,Eurotiales,Pennal1,Y,,Penicillium nalgiovense FM193,32980092,"11,853","Nielsen JC et al., 2017",
474,Eurotiomycetes,Eurotiales,Pennord1,Y,,Penicillium nordicum DAOMC 185683,30844022,"12,959","Wingfield BD et al., 2015",
475,Eurotiomycetes,Eurotiales,Penox1,Y,,Penicillium oxalicum 114-2,30177368,"9,979","Liu G et al., 2013",
476,Eurotiomycetes,Eurotiales,Penpol1,Y,,Penicillium polonicum IBT 4502,32376562,"10,694","Nielsen JC et al., 2017",
477,Eurotiomycetes,Eurotiales,Penra1,Y,,Penicillium raistrickii ATCC 10490 v1.0,31444823,"11,368",,
478,Eurotiomycetes,Eurotiales,Pensol1,Y,,Penicillium solitum IBT 29525,33184895,"11,889","Nielsen JC et al., 2017",
479,Eurotiomycetes,Eurotiales,Pensoli1,Y,,Penicillium solitum IBT 30036 v1.0,31749581,"11,843",,
480,Eurotiomycetes,Eurotiales,ThyNC0857_1,Y,,Penicillium sp. NC0857 v1.0,25598829,"9,624",,Endophyte
481,Eurotiomycetes,Eurotiales,Penste1,Y,,Penicillium steckii IBT 24891,32109558,"10,362","Nielsen JC et al., 2017",
482,Eurotiomycetes,Eurotiales,Pensub1,Y,,Penicillium subrubescens FBCC1632 / CBS132785,39803164,"14,188","Peng M et al., 2017",
483,Eurotiomycetes,Eurotiales,Penswi1,Y,,Penicillium swiecickii 182 6C1 v1.0,34125416,"12,802",,
484,Eurotiomycetes,Eurotiales,Penth1,Y,,Penicillium thymicola DAOMC 180753 v1.0,33877935,"12,467","Nguyen HDT et al., 2016",
485,Eurotiomycetes,Eurotiales,Penvul1,Y,,Penicillium vulpinum IBT 29486,31032801,"10,278","Nielsen JC et al., 2017",
486,Dothideomycetes,Pleosporales,Perma1,Y,,Periconia macrospinosa DSE2036 v1.0,54992973,"18,750","Knapp DG et al., 2018",Endophyte
487,Sordariomycetes,Xylariales,Pestal1,Y,,Pestalotiopsis sp. NC0098 v1.0,46406735,"15,180",,Endophyte
488,Saccharomycetes,Saccharomycetales,Petxy1,Y,,Peterozyma xylosa NRRL Y-12939,12957929,"5,982","Krassowski T et al., 2018",
489,Pezizomycetes,Pezizales,Pezech1,Y,,Peziza echinospora DOB1120 v1.0,63768826,"10,991",,
490,Sordariomycetes,Togniniales,Phaal1,Y,,Phaeoacremonium aleophilum UCRPA7,47465449,"8,834","Blanco-Ulate B et al., 2013",Plant pathogen
491,Sordariomycetes,Togniniales,PhaeoFL0889_1,Y,,Phaeoacremonium sp. FL0889 v1.0,48117814,"17,000",,Endophyte
492,Eurotiomycetes,Phaeomoniellales,Phach1,Y,,Phaeomoniella chlamydospora UCRPC4,27513354,"6,907","Morales-Cruz A et al., 2015",Plant pathogen
493,Eurotiomycetes,Phaeomoniellales,ClaNC0930_1,Y,,Phaeomoniellales sp. NC0930 v1.0,39284845,"13,036",,Endophyte
494,Dothideomycetes,Pleosporales,Phapo1,Y,,Phaeosphaeria poagena MPI-PUGE-AT-0046c v1.0,34077024,"12,804",,Endophyte
495,Dothideomycetes,Pleosporales,PhaPMI808,Y,,Phaeosphaeriaceae sp. PMI_808 v1.0,56370691,"15,864",,Endophyte
496,Leotiomycetes,Helotiales,Phisc1,Y,,Phialocephala scopiformis 5WS22E1 v1.0,48876257,"18,573","Walker AK et al., 2016",Endophyte
497,Eurotiomycetes,Chaetothyriales,Phiatt1,Y,,Phialophora attae CBS 131958,30363635,"11,848","Moreno LF et al., 2015",
498,Dothideomycetes,Pleosporales,Phomu1,Y,,Phoma multirostrata 7a v1.0,33277225,"12,099",,Plant pathogen
499,Dothideomycetes,Pleosporales,Photr1,Y,,Phoma tracheiphila IPT5 v1.0,34242632,"13,209",,Plant pathogen
500,Dothideomycetes,Botryosphaeriales,Phycap1,Y,,Phyllosticta capitalensis CBS 128856 v1.0,32461131,"12,063",,
501,Dothideomycetes,Botryosphaeriales,Phycit1,Y,,Phyllosticta citriasiana CBS 120486 v1.0,32696106,"11,368",,Plant pathogen
502,Dothideomycetes,Botryosphaeriales,Phcit1,Y,,Phyllosticta citribraziliensis CBS 100098 v1.0,31670975,"11,101",,
503,Dothideomycetes,Botryosphaeriales,Phycitr1,Y,,Phyllosticta citricarpa CBS 127454 v1.0,28952665,"11,088",,
504,Dothideomycetes,Botryosphaeriales,Phcitr1,Y,,Phyllosticta citrichinaensis CBS 130529 v1.0,29162704,"11,092",,
505,Dothideomycetes,Botryosphaeriales,Phy27169,Y,,Phyllosticta paracitricarpa CBS 141357 v1.0,29529839,"11,081",,
506,Dothideomycetes,Botryosphaeriales,Phycpc1,Y,,Phyllosticta sp. CPC 27913 v1.0,32267666,"11,259",,
507,Saccharomycetes,Saccharomycetales,Pickud1,Y,,Pichia kudriavzevii CBS573,10812555,"5,140","Douglass AP et al., 2018",
508,Saccharomycetes,Saccharomycetales,Picme2,Y,,Pichia membranifaciens v2.0,11584685,"5,546","Riley R et al., 2016",
509,Saccharomycetes,Saccharomycetales,Picpa1,Y,,Pichia pastoris,9216378,"5,040","De Schutter K et al., 2009",
510,Dothideomycetes,Capnodiales,Pieho1_1,Y,,Piedraia hortae v1.1,16946159,"7,572",,
511,Pezizomycetes,Pezizales,Plemel1,Y,,Plectania melastoma CBS 918.72 v1.0,92513795,"16,180",,
512,Sordariomycetes,Glomerellales,Plecu1,Y,,Plectosphaerella cucumerina DS2psM2a2 v1.0,36835440,"14,254",,
513,Sordariomycetes,Glomerellales,Plecuc1,Y,,Plectosphaerella cucumerina RP01 v1.0,36520717,"12,956",,Endophyte
514,Dothideomycetes,Pleosporales,Plesi1,Y,,Pleomassaria siparia v1.0,43176591,"13,486",,
515,Dothideomycetes,Pleosporales,Pleav1,Y,,Pleospora avicennia ATCC 66911 v1.0,40969476,"11,537",,
516,Pneumocystidomycetes,Pneumocystidales,Pneji1,Y,,Pneumocystis jirovecii,8152515,"3,520","Cisse OH et al., 2012",
517,Sordariomycetes,Hypocreales,Pocchl1,Y,,Pochonia chlamydosporia 170,44215803,"14,204","Wang G et al., 2016",
518,Sordariomycetes,Sordariales,Podan3,Y,,Podospora anserina S mat+,35010595,"10,588","Espagne E et al., 2008",
519,Sordariomycetes,Sordariales,Podans1,Y,,Podospora anserina mat+ v1.0,35544363,"11,692",,
520,Sordariomycetes,Sordariales,Podap1,Y,,Podospora appendiculata CBS 314.62 v1.0,39954210,"11,955",,
521,Sordariomycetes,Sordariales,Podcur1,Y,,Podospora curvicolla TEP21a v1.0,36697324,"13,440",,
522,Sordariomycetes,Sordariales,Poddi1,Y,,Podospora didyma CBS 232.78 v1.0,48328886,"14,870",,
523,Dothideomycetes,Capnodiales,Polci1,Y,,Polychaeton citri v1.0,27207581,"10,582",,
524,Dothideomycetes,Pleosporales,Polfu1,Y,,Polyplosphaeria fusca CBS 125425 v1.0,37009770,"15,194",,
525,Taphrinomycetes,Taphrinales,Proin1,Y,,Protomyces inouyei,12201973,"7,804",,
526,Taphrinomycetes,Taphrinales,Prola1,Y,,Protomyces lactucaedebilis 12-1054 v1.0,12928838,"6,726","Mondo SJ et al., 2017",
527,Dothideomycetes,Capnodiales,Mycfi2,Y,,Pseudocercospora (Mycosphaerella) fijiensis v2.0,74141167,"13,107","Arango Isaza RE et al., 2016",Plant pathogen
528,Leotiomycetes,Triblidiales,Pseel1,Y,,Pseudographis elatina,36124988,"11,338",,
529,Leotiomycetes,incertae sedis,Pseudest1,Y,,Pseudogymnoascus destructans 20631-21,35818201,"9,335","Drees KP et al., 2016",
530,Sordariomycetes,Xylariales,Pseve2,Y,,Pseudomassariella vexata CBS 129021 v1.0,44711451,"12,565","Mondo SJ et al., 2017",
531,Dothideomycetes,Capnodiales,Psehy1,Y,,Pseudovirgaria hyperparasitica CBS 121739 v1.0,35440147,"11,232",,
532,Sordariomycetes,Hypocreales,Pursp1,Y,,Purpureocillium sp. UdeA0106 v1.0,36077769,"13,642",,
533,Dothideomycetes,Pleosporales,Pyrly1,Y,,Pyrenochaeta lycopersici MPI-SDFR-AT-0127 v1.0,40265766,"14,311",,Endophyte
534,Dothideomycetes,Pleosporales,Pyrsp1,Y,,Pyrenochaeta sp. DS3sAY3a v1.0,38501010,"14,995","Zeiner CA et al., 2016",
535,Dothideomycetes,Pleosporales,Pyrtt1,Y,,Pyrenophora teres f. teres,33583335,"11,799","Ellwood SR et al., 2010",Plant pathogen
536,Dothideomycetes,Pleosporales,Pyrtr1,Y,,Pyrenophora tritici-repentis,37840464,"12,141","Manning VA et al., 2013",Plant pathogen
537,Pezizomycetes,Pezizales,Pyrco1,Y,,Pyronema confluens CBS100304,50026054,"13,367","Traeger S et al., 2013",
538,Pezizomycetes,Pezizales,Pyrdom1,Y,,Pyronema domesticum DOB7353 v1.0,58392066,"11,812",,
539,Pezizomycetes,Pezizales,Pyrom1,Y,,Pyronema omphalodes DOB1672 v1.0,61002793,"10,940",,
540,Leotiomycetes,Helotiales,Rhesp1,Y,,Rhexocercosporidium sp. MPI-PUGE-AT-0058 v1.0,62745254,"16,722",,Endophyte
541,Dothideomycetes,Patellariales,Rhili1,Y,,Rhizodiscina lignyota CBS 133067 v1.0,33426352,"12,801",,
542,Leotiomycetes,Helotiales,Rhier1,Y,,Rhizoscyphus ericae UAMH 7357 v1.0,57408471,"16,784","Martino E et al., 2018",Mycorrhizal
543,Dothideomycetes,Hysteriales,Rhyru1_1,Y,,Rhytidhysteron rufulum,40184762,"12,117","Ohm RA et al., 2012",
544,Leotiomycetes,Helotiales,Rutfi1,Y,,Rutstroemia firma CBS 115.86 v1.0,44266318,"13,359",,
545,Dothideomycetes,Botryosphaeriales,Sacpr1,Y,,Saccharata proteae CBS 121410 v1.0,31432921,"9,234",,Plant pathogen
546,Saccharomycetes,Saccharomycetales,SacceM3707_1,Y,,Saccharomyces cerevisiae M3707 Dikaryon,11509707,"5,974","Brown SD et al., 2013",
547,Saccharomycetes,Saccharomycetales,SacceM3836_1,Y,,Saccharomyces cerevisiae M3836 v1.0,11532651,"5,984","Brown SD et al., 2013",
548,Saccharomycetes,Saccharomycetales,SacceM3837_1,Y,,Saccharomyces cerevisiae M3837 v1.0,11530290,"5,969","Brown SD et al., 2013",
549,Saccharomycetes,Saccharomycetales,SacceM3838_1,Y,,Saccharomyces cerevisiae M3838 v1.0,11571570,"5,991","Brown SD et al., 2013",
550,Saccharomycetes,Saccharomycetales,SacceM3839_1,Y,,Saccharomyces cerevisiae M3839 v1.0,11550170,"5,989","Brown SD et al., 2013",
551,Saccharomycetes,Saccharomycetales,Sacce1,Y,,Saccharomyces cerevisiae S288C,12070898,"6,575","Goffeau A et al., 1996",
552,Saccharomycetes,Saccharomycetales,SacceYB210_1,Y,,Saccharomyces cerevisiae YB210 v1.0,11803935,"5,994",,
553,Saccharomycetes,Saccharomycetales,Sacca1,Y,,Saccharomycopsis capsularis NRRL Y-17639,17823225,"6,736","Krassowski T et al., 2018",
554,Taphrinomycetes,incertae sedis,Saico1,Y,,Saitoella complicata NRRL Y-17804 v1.0,14136186,"7,034","Riley R et al., 2016",
555,Pezizomycetes,Pezizales,Sarco1,Y,,Sarcoscypha coccinea ATCC 58028 v1.0,39089751,"13,738",,
556,Saccharomycetes,Saccharomycetales,Satdi1,Y,,Saturnispora dispora NRRL Y-1447,10120266,"4,881","Krassowski T et al., 2018",
557,Saccharomycetes,Saccharomycetales,Picst3,Y,,Scheffersomyces stipitis NRRL Y-11545 v2.0,15441079,"5,807","Jeffries TW et al., 2007",
558,Schizosaccharomycetes,Schizosaccharomycetales,Schcy1,Y,,Schizosaccharomyces cryophilus OY26,11556809,"5,180","Rhind N et al., 2011",
559,Schizosaccharomycetes,Schizosaccharomycetales,Schja1,Y,,Schizosaccharomyces japonicus yFS275,11733154,"4,878","Rhind N et al., 2011",
560,Schizosaccharomycetes,Schizosaccharomycetales,Schoc1,Y,,Schizosaccharomyces octosporus yFS286,11634473,"4,986","Rhind N et al., 2011",
561,Schizosaccharomycetes,Schizosaccharomycetales,Schpo1,Y,,Schizosaccharomyces pombe,12611948,"5,134","Wood V et al., 2002",
562,Sordariomycetes,Sordariales,Schves1,Y,,Schizothecium vesticola SMH3187-1 v1.0,35941384,"12,641",,
563,Coniocybomycetes,Coniocybales,Sclsan1,Y,,Sclerophora sanguinea CBS100924 v1.0,18019643,"7,223",,Lichenised
564,Leotiomycetes,Helotiales,Sclsc1,Y,,Sclerotinia sclerotiorum v1.0,38330212,"14,503","Amselem J et al., 2011",Plant pathogen
565,Dothideomycetes,Capnodiales,Sepmu1,Y,,Septoria musiva SO2202 v1.0,29352103,"10,233","Ohm RA et al., 2012",Plant pathogen
566,Dothideomycetes,Capnodiales,Seppo1,Y,,Septoria populicola v1.0,33188813,"9,739","Ohm RA et al., 2012",Plant pathogen
567,Dothideomycetes,Pleosporales,Setho1,Y,,Setomelanomma holmii CBS 110217 v1.0,39179649,"14,389",,Plant pathogen
568,Dothideomycetes,Pleosporales,Settu3,Y,,Setosphaeria turcica Et28A v2.0,43014577,"12,028","Ohm RA et al., 2012",Plant pathogen
569,Dothideomycetes,Pleosporales,Settur3,Y,,Setosphaeria turcica NY001 v2.0,38422090,"12,547",,Plant pathogen
570,Sordariomycetes,Glomerellales,Sodal1,Y,,Sodiomyces alkalinus v1.0,43450096,"9,411","Grum-Grzhimaylo AA et al., 2018",
571,Sordariomycetes,Sordariales,Sorbr1,Y,,Sordaria brevicollis FGSC1904 v1.0,53085477,"10,927",,
572,Saccharomycetes,Saccharomycetales,Spapa3,Y,,Spathaspora passalidarum NRRL Y-27907 v2.0,13182099,"5,983","Wohlbach DJ et al., 2011",
573,Leotiomycetes,Rhytismatales,Spafl1,Y,,Spathularia flavida,35536079,"9,941",,
574,Saccharomycetes,Saccharomycetales,Spola1,Y,,Sporopachydermia lactativora Phaff 68-199 v1.0,15566190,"5,498",,
575,Dothideomycetes,Pleosporales,Spofi1,Y,,Sporormia fimetaria v1.0,25892244,"10,783",,
576,Sordariomycetes,Hypocreales,Stael1,Y,,Stachybotrys elegans MPI-CAGE-CH-0235 v1.0,43467584,"14,925",,
577,Dothideomycetes,Pleosporales,Stano2,Y,,Stagonospora nodorum SN15 v2.0,37213987,"12,380","Hane JK et al., 2007",Plant pathogen
578,Dothideomycetes,Pleosporales,Stasp1,Y,,Stagonospora sp. SRC1lsM3a v1.0,36082944,"14,430","Zeiner CA et al., 2016",Plant pathogen
579,Sordariomycetes,Hypocreales,Stagr1,Y,,Stanjemonium grisellum CBS 655.79 v1.0,32998052,"11,832",,
580,Dothideomycetes,Pleosporales,Stely1,Y,,Stemphylium lycopersici CIDEFI-216,35173254,"8,997","Franco ME et al., 2015",Plant pathogen
581,Dothideomycetes,incertae sedis,Stobe1,Y,,Stomiopeltis betulae CBS114420 v1.0,37547027,"12,707",,
582,Saccharomycetes,Saccharomycetales,Sugame1,Y,,Sugiyamaella americana NRRL YB-2067 v1.0,16480292,"6,288",,
583,Xylonomycetes,Xylonomycetales,Symko1,Y,,Symbiotaphrina kochii v1.0,24834845,"10,482",,
584,Saccharomycetes,Saccharomycetales,Symat1,Y,,Sympodiomyces attinorum NRRL Y-27639 v1.0,14021155,"6,184",,
585,Eurotiomycetes,Eurotiales,Penac1,Y,,Talaromyces aculeatus ATCC 10409 v1.0,37268618,"13,793",,
586,Eurotiomycetes,Eurotiales,Talabor1,Y,,Talaromyces borbonicus CBS 141340 ,27050413,"9,744","Varriale S et al., 2018",
587,Eurotiomycetes,Eurotiales,Talma1_2,Y,,Talaromyces marneffei ATCC 18224,28643865,"10,638","Nierman WC et al., 2015",
588,Eurotiomycetes,Eurotiales,Talpro1,Y,,Talaromyces proteolyticus PMI_201 v1.0,37611490,"13,587",,Endophyte
589,Eurotiomycetes,Eurotiales,Talst1_2,Y,,Talaromyces stipitatus ATCC 10500,35685443,"13,252",,
590,Taphrinomycetes,Taphrinales,Tapde1_1,Y,,Taphrina deformans,13364053,"4,609","Cisse OH et al., 2013",Plant pathogen
591,Taphrinomycetes,Taphrinales,Tappo1,Y,,Taphrina populi-salicis CBS419.54 v1.0,13214580,"6,155",,Plant pathogen
592,Dothideomycetes,Pleosporales,Currey1,Y,,Teichospora sp. FL1471 v1.0,31665731,"10,955",,Endophyte
593,Dothideomycetes,Capnodiales,Ternu1,Y,,Teratosphaeria nubilosa CBS 116005 v1.0,28443146,"10,998",,Plant pathogen
594,Pezizomycetes,Pezizales,Terbo2,Y,,Terfezia boudieri ATCC MYA-4762 v1.1,63234573,"12,114","Murat C et al., 2018",
595,Pezizomycetes,Pezizales,Tercla1,Y,,Terfezia claveryi T7 v1.0,74471381,"12,765",,
596,Leotiomycetes,Thelebolales,Themi1,Y,,Thelebolus microsporus ATCC 90970 v1.0,27344100,"10,290",,
597,Leotiomycetes,Thelebolales,Thest1,Y,,Thelebolus stercoreus,26091195,"8,590",,
598,Eurotiomycetes,Eurotiales,Theau1,Y,,Thermoascus aurantiacus v1.0,28490209,"8,798",,
599,Eurotiomycetes,Eurotiales,Thelan1,Y,,Thermomyces lanuginosus SSBP,19155516,"6,241","McHunu NP et al., 2013",
600,Sordariomycetes,Sordariales,Thian1,Y,,Thielavia antarctica CBS 123565 v1.0,40662258,"9,204",,
601,Sordariomycetes,Sordariales,Thiap1,Y,,Thielavia appendiculata CBS 731.68 v1.0,32737472,"11,942",,
602,Sordariomycetes,Sordariales,Thiar1,Y,,Thielavia arenaria CBS 508.74 v1.0,30991681,"10,954",,
603,Sordariomycetes,Sordariales,Thihy1,Y,,Thielavia hyrcaniae CBS 757.83 v1.0,31183862,"11,338",,
604,Sordariomycetes,Sordariales,Thite2,Y,,Thielavia terrestris v2.0,36912256,"9,813","Berka RM et al., 2011",
605,Sordariomycetes,Chaetosphaeriales,ThoPMI491_1,Y,,Thozetella sp. PMI_491 v2.0,72858336,"23,281",,Endophyte
606,Pezizomycetes,Pezizales,Tirniv1,Y,,Tirmania nivea G3 v1.0,63133441,"10,591",,
607,Sordariomycetes,Hypocreales,Tolinf1,Y,,Tolypocladium inflatum NRRL 8044,30348711,"9,998","Bushley KE et al., 2013",
608,Sordariomycetes,Torpedosporales,Torra1,Y,,Torpedospora radiata JK5252C v1.0,33200036,"11,634",,
609,Saccharomycetes,Saccharomycetales,Canca1,Y,,Tortispora caseinolytica Y-17796 v1.0,9180161,"4,657","Riley R et al., 2016",
610,Saccharomycetes,Saccharomycetales,Torde1,Y,,Torulaspora delbrueckii CBS 1146,9220678,"4,972","Gordon JL et al., 2011",
611,Dothideomycetes,Venturiales,Totfu1,Y,,Tothia fuscella CBS 130266 v1.0,36781754,"13,685",,
612,Dothideomycetes,Pleosporales,Trepe1,Y,,Trematosphaeria pertusa CBS 122368 v1.0,47745773,"17,306",,
613,Pezizomycetes,Pezizales,Pezsub1,Y,,Tricharina aff. praecox DOB1048 v1.0,39925980,"10,389",,
614,Pezizomycetes,Pezizales,Tripra1,Y,,Tricharina praecox DOB2270 v1.0,38357564,"10,413",,
615,Dothideomycetes,Phaeotrichales,Tribi1,Y,,Trichodelitschia bisporula CBS 262.69 v1.0,25789561,"10,181",,
616,Sordariomycetes,Hypocreales,Triaru1,Y,,Trichoderma arundinaceum IBT 40837,36872412,"10,473","Proctor RH et al., 2018",Mycoparasitic
617,Sordariomycetes,Hypocreales,Trias1,Y,,Trichoderma asperellum CBS 433.97 v1.0,37464610,"12,586","Druzhinina IS et al., 2018",Mycoparasitic
618,Sordariomycetes,Hypocreales,Triasp1,Y,,Trichoderma asperellum TR356 v1.0,35388325,"12,320",,
619,Sordariomycetes,Hypocreales,Triatrob1,Y,,Trichoderma atrobrunneum ITEM 908,39149368,"8,637","Fanelli F et al., 2018",Endophyte
620,Sordariomycetes,Hypocreales,Triatr1,Y,,Trichoderma atroviride B10 v1.0,36332534,"11,909",,Mycoparasitic
621,Sordariomycetes,Hypocreales,Triatro1,Y,,Trichoderma atroviride F7 v1.0,36520685,"12,001",,Mycoparasitic
622,Sordariomycetes,Hypocreales,Triatrov1,Y,,Trichoderma atroviride P1 v1.0,37129917,"12,360",,Mycoparasitic
623,Sordariomycetes,Hypocreales,Triat2,Y,,Trichoderma atroviride v2.0,36143664,"11,828","Kubicek CP et al., 2011",Mycoparasitic
624,Sordariomycetes,Hypocreales,Trici4,Y,,Trichoderma citrinoviride TUCIM 6016 v4.0,33215161,"9,737","Druzhinina IS et al., 2018",Mycoparasitic
625,Sordariomycetes,Hypocreales,Trigam1,Y,,Trichoderma gamsii T6085,37970415,"10,944","Baroncelli R et al., 2016",Endophyte
626,Sordariomycetes,Hypocreales,Trigui1,Y,,Trichoderma guizhouense NJAU 4742,38329450,"11,255","Druzhinina IS et al., 2018",Mycoparasitic
627,Sordariomycetes,Hypocreales,Triham1,Y,,Trichoderma hamatum GD12,38431721,"10,520","Studholme DJ et al., 2013",Mycoparasitic
628,Sordariomycetes,Hypocreales,Triha1,Y,,Trichoderma harzianum CBS 226.95 v1.0,40980678,"14,095","Druzhinina IS et al., 2018",Mycoparasitic
629,Sordariomycetes,Hypocreales,TriharM10_1,Y,,Trichoderma harzianum M10 v1.0,40484612,"12,842",,Mycoparasitic
630,Sordariomycetes,Hypocreales,TriharT22_1,Y,,Trichoderma harzianum T22 v1.0,40378754,"12,762",,Mycoparasitic
631,Sordariomycetes,Hypocreales,Trihar1,Y,,Trichoderma harzianum TR274 v1.0,40870399,"13,932",,
632,Sordariomycetes,Hypocreales,Trilo3,Y,,Trichoderma longibrachiatum ATCC 18648 v3.0,32238325,"10,938","Druzhinina IS et al., 2018",Mycoparasitic
633,Sordariomycetes,Hypocreales,Trilon1,Y,,Trichoderma longibrachiatum MK1 v1.0,32342648,"10,046",,Mycoparasitic
634,Sordariomycetes,Hypocreales,Tripar1,Y,,Trichoderma parareesei CBS 125925,32070663,"9,062","Yang D et al., 2015",
635,Sordariomycetes,Hypocreales,Triple1,Y,,Trichoderma pleuroti TPhu1,38137656,"10,610","Marik T et al., 2017",
636,Sordariomycetes,Hypocreales,TrireRUTC30_1,Y,,Trichoderma reesei RUT C-30 v1.0,32689233,"9,852","Jourdier E et al., 2017",
637,Sordariomycetes,Hypocreales,Trire2,Y,,Trichoderma reesei v2.0,33454791,"9,143","Martinez D et al., 2008",
638,Sordariomycetes,Hypocreales,TriviGv29_8_2,Y,,Trichoderma virens Gv29-8 v2.0,39022666,"12,423","Kubicek CP et al., 2011",
639,Saccharomycetes,Saccharomycetales,Tripe1,Y,,Trichomonascus petasosporus NRRL YB-2093 v1.0,14462715,"6,567",,
640,Pezizomycetes,Pezizales,Trihyb1,Y,,Trichophaea hybrida UTF0779 v1.0,144183925,"13,308",,
641,Eurotiomycetes,Onygenales,Triru1,Y,,Trichophyton rubrum CBS 118892,22502330,"8,707","Martinez DA et al., 2012",
642,Eurotiomycetes,Onygenales,Triver1,Y,,Trichophyton verrucosum HKI 0517,22540967,"8,024","Burmester A et al., 2011",
643,Xylonomycetes,Xylonomycetales,Trigu1,Y,,Trinosporium guianense CBS132537 v1.0,24228379,"8,062",,Endophyte
644,Sordariomycetes,Xylariales,Truan1,Y,,Truncatella angustata MPI-SDFR-AT-0073 v1.0,47102642,"14,777",,Endophyte
645,Dothideomycetes,Trypetheliales,Tryvi1,Y,,Trypethelium eluteriae v1.0,32160005,"11,858",,Lichenised
646,Pezizomycetes,Pezizales,Tubae1,Y,,Tuber aestivum var. urcinatum v1.0,144718305,"9,344","Murat C et al., 2018",Mycorrhizal
647,Pezizomycetes,Pezizales,Tubbor1,Y,,Tuber borchii Tbo3840 v1.0,97184993,"12,346","Murat C et al., 2018",Mycorrhizal
648,Pezizomycetes,Pezizales,Tubma1,Y,,Tuber magnatum v1.0,192781443,"9,433","Murat C et al., 2018",Mycorrhizal
649,Pezizomycetes,Pezizales,Tubme1,Y,,Tuber melanosporum Mel28 v1.2,124945702,"10,058","Martin F et al., 2010",Mycorrhizal
650,Eurotiomycetes,Onygenales,Uncre1,Y,,Uncinocarpus reesii UAMH 1704,22327935,"7,798","Sharpton TJ et al., 2009",
651,Lecanoromycetes,Lecanorales,Usnflo1,Y,,Usnea florida ATCC18376 v1.0,44323432,"12,649",,Lichenised
652,Sordariomycetes,Hypocreales,Ustvir1,Y,,Ustilaginoidea virens,33567624,"6,451","Kumagai T et al., 2016",
653,Sordariomycetes,Hypocreales,Valla1,Y,,Valetoniellopsis laxa CBS 191.97 v1.0,22125270,"8,026",,
654,Dothideomycetes,Valsariales,DelFL0756_1,Y,,Valsariales sp. FL0756 v1.0,36394561,"11,844",,Endophyte
655,Dothideomycetes,Venturiales,Venin1,Y,,Venturia inaequalis,55126144,"13,233","Deng CH et al., 2017",Plant pathogen
656,Dothideomycetes,Venturiales,Venpi1,Y,,Venturia pirina,40933314,"11,890","Deng CH et al., 2017",Plant pathogen
657,Dothideomycetes,Venturiales,Verga1,Y,,Verruconis gallopava,31780469,"11,357","Teixeira MM et al., 2017",
658,Dothideomycetes,Pleosporales,Veren1,Y,,Verruculina enalia CBS 304.66 v1.0,61207694,"13,748",,
659,Sordariomycetes,Glomerellales,Veral1,Y,,Verticillium alfalfae VaMs.102,32833495,"10,221","Klosterman SJ et al., 2011",Plant pathogen
660,Sordariomycetes,Glomerellales,Verdah1,Y,,Verticillium dahliae MPI-CAGE-AT-0001 v1.0,40173071,"12,343",,
661,Sordariomycetes,Glomerellales,Verda1,Y,,Verticillium dahliae VdLs.17,33828453,"10,535","Klosterman SJ et al., 2011",Plant pathogen
662,Dothideomycetes,Pleosporales,Wesor1,Y,,Westerdykella ornata CBS 379.55 v1.0,26979746,"10,410",,
663,Saccharomycetes,Saccharomycetales,Wicdo1,Y,,Wickerhamiella domercqiae NRRL Y-6692 v1.0,8431421,"4,743",,
664,Saccharomycetes,Saccharomycetales,Wican1,Y,,Wickerhamomyces anomalus NRRL Y-366-8 v1.0,14145566,"6,423","Riley R et al., 2016",
665,Pezizomycetes,Pezizales,Wilmi1,Y,,Wilcoxina mikolae CBS 423.85 v1.0,117288895,"13,093",,
666,Lecanoromycetes,Teloschistales,Xanpa2,Y,,Xanthoria parietina 46-1-SA22 v1.1,31900637,"11,065",,Lichenised
667,Sordariomycetes,Xylariales,Xylcub1,Y,,Xylaria flabelliformis NC1011 v1.0,41613484,"12,391",,
668,Sordariomycetes,Xylariales,Xylhyp1,Y,,Xylaria hypoxylon OSC100004 v1.0,42850079,"13,084",,
669,Sordariomycetes,Xylariales,Plecto1,Y,,Xylariales sp. AK1849 v1.0,39995810,"12,024",,Endophyte
670,Sordariomycetes,Xylariales,XylPMI506,Y,,Xylariales sp. PMI_506 v1.0,51304718,"17,035",,Endophyte
671,Xylonomycetes,Xylonomycetales,Xylhe1,Y,,Xylona heveae TC161 v1.0,24337763,"8,205","Gazis R et al., 2016",Endophyte
672,Saccharomycetes,Saccharomycetales,Yarli1,Y,,Yarrowia lipolytica (strain CLIB122),20502981,"6,447","Dujon B et al., 2004",
673,Saccharomycetes,Saccharomycetales,YarliW29_1.,Y,,Yarrowia lipolytica CLIB89(W29),20500066,"7,919","Magnan C et al., 2016",
674,Saccharomycetes,Saccharomycetales,Yarlip1,Y,,Yarrowia lipolytica FKP355 v1.0,20076540,"6,858","Pomraning KR et al., 2018",
675,Saccharomycetes,Saccharomycetales,YarliYB392,Y,,Yarrowia lipolytica YB392 v1.0,20178742,"6,750","Walker C et al., 2018",
676,Saccharomycetes,Saccharomycetales,YarliYB419,Y,,Yarrowia lipolytica YB419 v1.0,20144947,"6,751","Walker C et al., 2018",
677,Saccharomycetes,Saccharomycetales,YarliYB420,Y,,Yarrowia lipolytica YB420 v1.0,20196166,"6,772","Walker C et al., 2018",
678,Saccharomycetes,Saccharomycetales,YarliYB566,Y,,Yarrowia lipolytica YB566 v1.0,20271681,"6,764","Walker C et al., 2018",
679,Saccharomycetes,Saccharomycetales,YarliYB567,Y,,Yarrowia lipolytica YB567 v1.0,20268095,"6,776","Walker C et al., 2018",
680,Sordariomycetes,Lulworthiales,Zalva1,Y,,Zalerion varium MPI-CAGE-AT-0135 v1.0,55609683,"17,759",,Endophyte
681,Dothideomycetes,Capnodiales,Zasce1,Y,,Zasmidium cellare ATCC 36951 v1.0,38247703,"16,015",,
682,Dothideomycetes,incertae sedis,Zoprh1,Y,,Zopfia rhizophila v1.0,152781427,"21,730",,Plant pathogen
683,Saccharomycetes,Saccharomycetales,Zyghe1_2,Y,,Zygoascus hellenicus Y-7136 v1.0,12166546,"5,430",,
684,Saccharomycetes,Saccharomycetales,Zygro1,Y,,Zygosaccharomyces rouxii CBS732,9764635,"4,991","Souciet JL et al., 2009",
685,Dothideomycetes,Capnodiales,Zymar1,Y,,Zymoseptoria ardabiliae STIR04_1.1.1,31546591,"10,788","Stukenbrock EH et al., 2012",Plant pathogen
686,Dothideomycetes,Capnodiales,Zymbr1,Y,,Zymoseptoria brevis Zb18110,31914300,"10,566","Grandaubert J et al., 2015",Plant pathogen
687,Dothideomycetes,Capnodiales,Zymps1,Y,,Zymoseptoria pseudotritici STIR04_2.2.1,32658572,"11,044","Stukenbrock EH et al., 2012",Plant pathogen
